1,2020-02-27 00:57:33,Ведение групп в социальных сетях
2,2020-02-27 00:57:33,Adobe Photoshop
3,2020-02-27 00:57:33,Google Analytics
4,2020-02-27 00:57:33,Яндекс.Метрика
5,2020-02-27 00:57:33,Интернет-реклама
6,2020-02-27 00:57:38,Клиентоориентированность
7,2020-02-27 00:57:38,Знание устройства автомобиля
8,2020-02-27 00:57:38,Работа с людьми
9,2020-02-27 00:57:38,Навыки переговоров
10,2020-02-27 00:57:38,Грамотная речь
11,2020-02-27 00:57:39,Управление персоналом
12,2020-02-27 00:57:39,Работа в команде
13,2020-02-27 00:57:39,Организаторские навыки
14,2020-02-27 00:57:39,Обучение и развитие
15,2020-02-27 00:57:39,Управление командой
16,2020-02-27 00:57:40,1С программирование
17,2020-02-27 00:57:46,Бизнес-анализ
18,2020-02-27 00:57:46,Agile Project Management
19,2020-02-27 00:57:46,Gosu
20,2020-02-27 00:57:46,Guidewire
21,2020-02-27 00:57:46,Business Analysis
22,2020-02-27 00:57:46,Проектная документация
23,2020-02-27 00:57:48,CSS
24,2020-02-27 00:57:48,HTML
25,2020-02-27 00:57:48,Adobe Illustrator
26,2020-02-27 00:57:48,E-Commerce
27,2020-02-27 00:58:17,Складская логистика
28,2020-02-27 00:58:17,Scrum
29,2020-02-27 00:58:17,1С: Управление Производственным Предприятием
30,2020-02-27 00:58:17,Разработка технических заданий
31,2020-02-27 00:58:17,WMS
32,2020-02-27 00:58:17,Руководство группой администраторов WMS
33,2020-02-27 00:59:10,Управление продажами
34,2020-02-27 00:59:10,Развитие продаж
35,2020-02-27 00:59:10,Аналитика продаж
36,2020-02-27 00:59:10,Современная розница
37,2020-02-27 00:59:32,Обучение персонала
38,2020-02-27 00:59:32,Охрана объекта
39,2020-02-27 00:59:32,Управленческие навыки
40,2020-02-27 00:59:45,Холодные продажи
41,2020-02-27 00:59:45,Холодные звонки
42,2020-02-27 00:59:45,Поиск и привлечение клиентов
43,2020-02-27 00:59:45,Активные продажи
44,2020-02-27 00:59:45,Проведение презентаций
45,2020-02-27 00:59:54,Linux
46,2020-02-27 00:59:54,Java
47,2020-02-27 00:59:54,Docker
48,2020-02-27 00:59:54,TCP/IP
49,2020-02-27 00:59:54,ELK
50,2020-02-27 00:59:54,Prometheus
51,2020-02-27 00:59:54,AlertManager
52,2020-02-27 00:59:54,AWS
53,2020-02-27 01:00:23,Английский — A1 — Начальный
54,2020-02-27 01:00:23,Ведение переговоров
55,2020-02-27 01:00:23,Мотивация персонала
56,2020-02-27 01:00:23,Прогнозирование
57,2020-02-27 01:00:23,Анализ конкурентной среды
58,2020-02-27 01:00:23,Навыки работы с возражениями
59,2020-02-27 01:00:45,Английский язык
60,2020-02-27 01:00:45,Письменный перевод
61,2020-02-27 01:00:55,Английский — C1 — Продвинутый
62,2020-02-27 01:00:55,Финансовое моделирование
63,2020-02-27 01:00:55,Финансовый анализ
64,2020-02-27 01:00:55,Бизнес-планирование
65,2020-02-27 01:00:55,MS PowerPoint
66,2020-02-27 01:01:01,Retail
67,2020-02-27 01:01:01,Business English
68,2020-02-27 01:01:01,Работа с документами
69,2020-02-27 01:01:01,Пользователь ПК
70,2020-02-27 01:01:01,Опыт продаж
71,2020-02-27 01:01:01,MS Excel
72,2020-02-27 01:01:01,Деловая переписка
73,2020-02-27 01:01:01,Деловое общение
74,2020-02-27 01:01:01,Телефонные переговоры
75,2020-02-27 01:01:40,Сертификация продукции
76,2020-02-27 01:01:40,Таможенное оформление
77,2020-02-27 01:01:40,Взаимодействие с разрешительными органами
78,2020-02-27 01:01:45,Вождение электропогрузчика
79,2020-02-27 01:02:42,Подбор персонала
80,2020-02-27 01:02:42,Внутренние коммуникации
81,2020-02-27 01:02:42,Креативность
82,2020-02-27 01:02:42,Мотивационные программы
83,2020-02-27 01:03:29,Забор крови
84,2020-02-27 01:03:29,Внутривенные инъекции
85,2020-02-27 01:03:29,Внутримышечные инъекции
86,2020-02-27 01:03:35,SAP
87,2020-02-27 01:03:35,Бюджетирование ФОТ
88,2020-02-27 01:03:35,Подбор персонала для розницы
89,2020-02-27 01:03:35,Оценка персонала
90,2020-02-27 01:03:39,Копирайтинг
91,2020-02-27 01:03:39,Рерайтинг
92,2020-02-27 01:03:39,SEO-копирайтинг
93,2020-02-27 01:03:39,Написание статей
94,2020-02-27 01:03:39,Подготовка презентаций
95,2020-02-27 01:03:39,Написание текстов
96,2020-02-27 01:03:39,Редактирование
97,2020-02-27 01:03:39,Наполнение контентом
98,2020-02-27 01:03:49,Кадровый менеджмент
99,2020-02-27 01:03:49,Управление проектами
100,2020-02-27 01:04:01,Устный перевод
101,2020-02-27 01:04:01,Последовательный перевод
102,2020-02-27 01:04:38,Windows 7
103,2020-02-27 01:04:38,Администрирование
104,2020-02-27 01:04:38,Информационные технологии
105,2020-02-27 01:04:46,ООП
106,2020-02-27 01:04:46,Git
107,2020-02-27 01:04:46,SQL
108,2020-02-27 01:04:46,C#
109,2020-02-27 01:05:29,MS Project
110,2020-02-27 01:05:29,Работа с большим объемом информации
111,2020-02-27 01:05:29,Составление отчетности
112,2020-02-27 01:05:35,Стрессоустойчивость
113,2020-02-27 01:05:35,Работа с базами данных
114,2020-02-27 01:05:35,Ориентация на результат
115,2020-02-27 01:05:50,Запуск новых продуктов
116,2020-02-27 01:05:50,продажи высокотехнологичных продуктов
117,2020-02-27 01:05:50,продажа продуктов Big Data
118,2020-02-27 01:05:50,развитие продуктов
119,2020-02-27 01:05:50,проведение презентаций для клиентов
120,2020-02-27 01:05:54,Адаптация персонала
121,2020-02-27 01:05:54,Руководство коллективом
122,2020-02-27 01:05:54,Разработка и внедрение системы KPI
123,2020-02-27 01:05:54,Управление качеством
124,2020-02-27 01:05:54,Деловая коммуникация
125,2020-02-27 01:06:00,Английский — B2 — Средне-продвинутый
126,2020-02-27 01:06:08,Бухгалтерский учет
127,2020-02-27 01:06:08,Налоговая отчетность
128,2020-02-27 01:06:08,Бухгалтерская отчетность
129,2020-02-27 01:06:08,1С: Предприятие 8
130,2020-02-27 01:06:08,1С: Предприятие: Бухгалтерский Учет
131,2020-02-27 01:06:27,Поиск информации в интернет
132,2020-02-27 01:06:27,Работа с оргтехникой
133,2020-02-27 01:06:27,MS Outlook
134,2020-02-27 01:06:27,Делопроизводство
135,2020-02-27 01:06:27,Умение работать в команде
136,2020-02-27 01:06:27,Документооборот
137,2020-02-27 01:06:28,1С: Склад
138,2020-02-27 01:06:28,Электронная почта
139,2020-02-27 01:06:28,Стандарты гостеприимства
140,2020-02-27 01:06:39,Бюджетирование
141,2020-02-27 01:06:39,Стратегическое планирование
142,2020-02-27 01:06:39,Маркетинговый анализ
143,2020-02-27 01:06:39,Маркетинговое планирование
144,2020-02-27 01:06:39,Планирование продаж
145,2020-02-27 01:06:39,Анализ данных
146,2020-02-27 01:06:39,DAX
147,2020-02-27 01:06:39,ROLAP
148,2020-02-27 01:06:39,Анализ продаж
149,2020-02-27 01:06:39,Финансовое планирование
150,2020-02-27 01:06:39,Анализ эффективности
151,2020-02-27 01:06:39,Анализ ФХД
152,2020-02-27 01:06:44,1С: Зарплата и управление персоналом
153,2020-02-27 01:06:44,1С: Управление Торговлей
154,2020-02-27 01:06:59,Продажа страховых продуктов
155,2020-02-27 01:06:59,Навыки продаж
156,2020-02-27 01:07:45,Доброжелательность
157,2020-02-27 01:07:45,Ответственность
158,2020-02-27 01:07:51,MS SQL
159,2020-02-27 01:07:51,MS Visual Studio
160,2020-02-27 01:07:51,AllFusion ERwin Data Modeler
161,2020-02-27 01:08:08,Lean Production
162,2020-02-27 01:08:08,Управление изменениями
163,2020-02-27 01:08:08,APQP
164,2020-02-27 01:08:08,Оптимизация бизнес-процессов
165,2020-02-27 01:08:08,Бережливое производство
166,2020-02-27 01:08:08,ISO 9001:2008
167,2020-02-27 01:08:40,Умение установить контакт с любым человеком
168,2020-02-27 01:08:40,Умение заинтересовать своим предложением
169,2020-02-27 01:08:40,Умение вести переговоры и договариваться
170,2020-02-27 01:08:40,Умение слушать и слышать
171,2020-02-27 01:08:40,Знание рынка систем безопасности
172,2020-02-27 01:08:40,"СКУД, СВН, ОПС, СОУЭ, ССОИ, СКС, ЭОМ"
173,2020-02-27 01:08:41,Консультирование
174,2020-02-27 01:08:41,Консультативные продажи
175,2020-02-27 01:08:44,Bash
176,2020-02-27 01:08:44,Python
177,2020-02-27 01:08:44,Go
178,2020-02-27 01:08:44,CloudNative
179,2020-02-27 01:09:05,B2B Продажи
180,2020-02-27 01:09:05,Прямые продажи
181,2020-02-27 01:09:05,B2C продажи
182,2020-02-27 01:09:05,Развитие ключевых клиентов
183,2020-02-27 01:09:05,FMCG Продажи
184,2020-02-27 01:11:09,Подготовка коммерческих предложений
185,2020-02-27 01:11:34,iOS
186,2020-02-27 01:11:34,Android
187,2020-02-27 01:11:34,API
188,2020-02-27 01:11:34,Node.js
189,2020-02-27 01:11:34,NoSQL
190,2020-02-27 01:11:34,Databases
191,2020-02-27 01:11:34,MongoDB
192,2020-02-27 01:11:35,Грамотность
193,2020-02-27 01:11:41,Розничная торговля
194,2020-02-27 01:11:54,Ruby
195,2020-02-27 01:11:54,Ruby On Rails
196,2020-02-27 01:11:54,PostgreSQL
197,2020-02-27 01:11:54,CI/CD
198,2020-02-27 01:11:54,ElasticSearch
199,2020-02-27 01:11:54,ActiveRecord
200,2020-02-27 01:11:54,RSpec
201,2020-02-27 01:11:54,Rubymine
202,2020-02-27 01:11:54,DelayedJob
203,2020-02-27 01:11:54,React
204,2020-02-27 01:11:56,Заключение договоров
205,2020-02-27 01:11:57,Управление товарными запасами
206,2020-02-27 01:12:00,Web Application Development
207,2020-02-27 01:12:00,Управление системой наставничества
208,2020-02-27 01:12:03,Корпоративные продажи
209,2020-02-27 01:12:03,Продажа комплексных проектов
210,2020-02-27 01:12:03,СУБД
211,2020-02-27 01:12:03,ORACLE
212,2020-02-27 01:12:03,Тестирование
213,2020-02-27 01:12:06,Клининг
214,2020-02-27 01:12:06,Чистое производство
215,2020-02-27 01:12:24,Kubernetes
216,2020-02-27 01:12:38,Работа с жалобами клиентов
217,2020-02-27 01:12:38,Управление процессами
218,2020-02-27 01:12:38,Многозадачность
219,2020-02-27 01:12:38,Стратегическое мышление
220,2020-02-27 01:12:38,Внутренний контроль
221,2020-02-27 01:12:38,Лидерство
222,2020-02-27 01:12:43,1С: Бухгалтерия
223,2020-02-27 01:12:43,1С:БГУ
224,2020-02-27 01:12:43,1С: Бухгалтерия государственного учреждения
225,2020-02-27 01:12:43,бюджетный учет
226,2020-02-27 01:12:43,Код бюджетной классификации
227,2020-02-27 01:12:43,КБК
228,2020-02-27 01:12:43,КПС
229,2020-02-27 01:13:27,MS Visio
230,2020-02-27 01:13:33,Статистический анализ
231,2020-02-27 01:14:07,BTL
232,2020-02-27 01:14:07,ATL
233,2020-02-27 01:14:07,Маркетинговые коммуникации
234,2020-02-27 01:14:07,Планирование маркетинговых кампаний
235,2020-02-27 01:14:07,B2B маркетинг
236,2020-02-27 01:14:07,B2C маркетинг
237,2020-02-27 01:14:07,MS Office
238,2020-02-27 01:14:47,Проектный менеджмент
239,2020-02-27 01:14:47,1С: Управление предприятием
240,2020-02-27 01:14:47,ERP-системы на базе 1С
241,2020-02-27 01:14:50,Мерчандайзинг
242,2020-02-27 01:14:50,Проведение промо акций
243,2020-02-27 01:14:52,Управление работой с ключевыми клиентами
244,2020-02-27 01:15:14,Организация конференций
245,2020-02-27 01:15:25,Работа с ТМЦ
246,2020-02-27 01:15:25,входящие звонки
247,2020-02-27 01:15:26,Немецкий — B2 — Средне-продвинутый
248,2020-02-27 01:15:26,Немецкий язык
249,2020-02-27 01:15:26,MS Exchange
250,2020-02-27 01:15:26,ADUC
251,2020-02-27 01:15:26,PowerShell
252,2020-02-27 01:15:26,O365
253,2020-02-27 01:15:26,OSIsoft
254,2020-02-27 01:15:26,W Server 2012R2
255,2020-02-27 01:15:35,Работа с возражениями
256,2020-02-27 01:15:35,1С: Розница
257,2020-02-27 01:15:35,Обслуживание покупателей
258,2020-02-27 01:15:35,Ориентация на клиента
259,2020-02-27 01:15:35,Мобильность
260,2020-02-27 01:15:35,Техники продаж
261,2020-02-27 01:15:35,Знание техники продаж
262,2020-02-27 01:15:35,Планирование карьеры
263,2020-02-27 01:15:58,Договорная работа
264,2020-02-27 01:15:58,Согласование договоров
265,2020-02-27 01:16:31,Точность и внимательность к деталям
266,2020-02-27 01:16:31,Работа с претензиями
267,2020-02-27 01:16:31,Закупка товаров и услуг
268,2020-02-27 01:17:09,SAP ERP
269,2020-02-27 01:17:09,SAP SD
270,2020-02-27 01:17:09,SAP EM
271,2020-02-27 01:17:14,Групповое обучение
272,2020-02-27 01:17:14,Проведение семинаров
273,2020-02-27 01:17:14,Организация семинаров
274,2020-02-27 01:17:14,Тренинги
275,2020-02-27 01:17:14,Обучение
276,2020-02-27 01:17:14,Дистанционное обучение
277,2020-02-27 01:17:14,Организация обучения для отдела продаж
278,2020-02-27 01:17:45,Английский — B1 — Средний
279,2020-02-27 01:17:45,ARIS
280,2020-02-27 01:17:46,Моделирование бизнес процессов
281,2020-02-27 01:17:47,Тайм-менеджмент
282,2020-02-27 01:17:47,Управление временем
283,2020-02-27 01:17:47,Навыки презентации
284,2020-02-27 01:17:47,Жилая недвижимость
285,2020-02-27 01:17:47,Агентские продажи
286,2020-02-27 01:17:47,Сопровождение сделок
287,2020-02-27 01:17:47,Аналитические способности
288,2020-02-27 01:17:47,Ведение клиентской базы
289,2020-02-27 01:17:53,Консультирование клиентов по телефону
290,2020-02-27 01:18:08,Расчет заработной платы
291,2020-02-27 01:18:08,1С: Управление персоналом
292,2020-02-27 01:18:08,Трудовой кодекс РФ
293,2020-02-27 01:18:08,1C: Зарплата и кадры
294,2020-02-27 01:18:09,уборка
295,2020-02-27 01:18:12,Финансовый контроль
296,2020-02-27 01:18:12,Финансовая отчетность
297,2020-02-27 01:18:18,Спортивные мероприятия
298,2020-02-27 01:18:18,Планирование
299,2020-02-27 01:18:26,Управление складскими запасами
300,2020-02-27 01:18:26,Автоматизация документооборота
301,2020-02-27 01:18:45,Визуальный мерчандайзинг
302,2020-02-27 01:18:52,Навыки составления отчетности
303,2020-02-27 01:18:52,Медицинская документация
304,2020-02-27 01:18:58,Страхование жизни
305,2020-02-27 01:20:52,Грейдинг
306,2020-02-27 01:20:52,Кадровая политика
307,2020-02-27 01:20:52,Кадровая стратегия
308,2020-02-27 01:20:56,Железнодорожные перевозки
309,2020-02-27 01:21:08,Контроль качества
310,2020-02-27 01:21:08,Контроль сроков годности
311,2020-02-27 01:21:08,IDEF0
312,2020-02-27 01:21:08,Реинжиниринг бизнес-процессов
313,2020-02-27 01:21:56,Spring Framework
314,2020-02-27 01:21:56,JDBC
315,2020-02-27 01:21:56,SOAP
316,2020-02-27 01:22:10,Работа с дебиторской задолженностью
317,2020-02-27 01:22:30,Техническое обслуживание
318,2020-02-27 01:22:31,Прием и распределение телефонных звонков
319,2020-02-27 01:22:35,Тендеры
320,2020-02-27 01:22:56,MS Access
321,2020-02-27 01:22:56,C/C++
322,2020-02-27 01:23:01,REST
323,2020-02-27 01:23:01,1С: Документооборот
324,2020-02-27 01:23:12,Телемаркетинг
325,2020-02-27 01:23:12,ДМС
326,2020-02-27 01:23:12,исходящие звонки
327,2020-02-27 01:23:12,Продажи по телефону
328,2020-02-27 01:23:42,Составление договоров
329,2020-02-27 01:23:42,Проведение переговоров
330,2020-02-27 01:23:42,Привлечение клиентов
331,2020-02-27 01:24:15,Oracle Pl/SQL
332,2020-02-27 01:24:15,Apache Tomcat
333,2020-02-27 01:24:21,Функциональное тестирование
334,2020-02-27 01:24:21,Test case
335,2020-02-27 01:24:29,Продажи через дистрибьюторов
336,2020-02-27 01:24:29,Привлечение новых дистрибьюторов
337,2020-02-27 01:24:29,Управление отношениями с клиентами
338,2020-02-27 01:24:29,Аналитический склад ума
339,2020-02-27 01:24:42,Контроль дебиторской задолженности
340,2020-02-27 01:24:56,Навыки межличностного общения
341,2020-02-27 01:25:23,Действующая клиентская база
342,2020-02-27 01:25:59,Настройка сетевых подключений
343,2020-02-27 01:25:59,Администрирование сетевого оборудования
344,2020-02-27 01:26:18,Взаимодействие с лечебными учреждениями
345,2020-02-27 01:26:18,Работа с ключевыми клиентами
346,2020-02-27 01:26:18,Врач-куратор
347,2020-02-27 01:26:18,Медицинская курация
348,2020-02-27 01:26:29,Налоговое консультирование
349,2020-02-27 01:26:29,Консультант плюс
350,2020-02-27 01:26:29,Налоговые проверки
351,2020-02-27 01:26:29,Расчет налогов
352,2020-02-27 01:26:29,Налоговое законодательство
353,2020-02-27 01:27:20,MS Publisher
354,2020-02-27 01:27:29,Движение денежных средств
355,2020-02-27 01:27:29,1С: Предприятие
356,2020-02-27 01:27:29,Анализ финансовых показателей
357,2020-02-27 01:27:29,MS Word
358,2020-02-27 01:27:29,Дебиторская задолженность
359,2020-02-27 01:27:48,K50
360,2020-02-27 01:28:38,Работа с поставщиками
361,2020-02-27 01:29:36,Spark
362,2020-02-27 01:29:36,Математическая статистика
363,2020-02-27 01:29:41,Мерчендайзинг
364,2020-02-27 01:29:56,Складской Учет
365,2020-02-27 01:30:09,Управление производством
366,2020-02-27 01:30:09,Производственное планирование
367,2020-02-27 01:30:09,Охрана труда и техника безопасности
368,2020-02-27 01:30:09,Управление производственным персоналом
369,2020-02-27 01:30:09,1С: Производство
370,2020-02-27 01:30:09,Контроль исполнения решений
371,2020-02-27 01:30:09,Оперативное планирование
372,2020-02-27 01:30:13,Материальная ответственность
373,2020-02-27 01:31:35,Helpdesk
374,2020-02-27 01:31:35,Active Directory
375,2020-02-27 01:31:55,MS Internet Explorer
376,2020-02-27 01:31:55,Технический надзор
377,2020-02-27 01:31:58,Химические методы анализа
378,2020-02-27 01:31:58,Лабораторная работа
379,2020-02-27 01:32:11,Ассортиментная матрица
380,2020-02-27 01:32:11,Business Planning
381,2020-02-27 01:32:11,обучение сотрудников
382,2020-02-27 01:32:22,Автоматизация
383,2020-02-27 01:32:22,Автоматизация склада
384,2020-02-27 01:34:23,Монтаж оборудования
385,2020-02-27 01:35:41,Чтение электросхем
386,2020-02-27 01:35:41,сборка радиоэлектронной аппаратуры и приборов
387,2020-02-27 01:36:02,Английский — A2 — Элементарный
388,2020-02-27 01:36:04,Слесарные работы
389,2020-02-27 01:36:04,Ремонтные работы
390,2020-02-27 01:36:04,Электротехнические работы
391,2020-02-27 01:36:06,Перевод
392,2020-02-27 01:36:23,проведение переговоров с первыми лицами компании
393,2020-02-27 01:36:23,CRM
394,2020-02-27 01:36:23,Системная интеграция
395,2020-02-27 01:36:52,Внутренняя документация
396,2020-02-27 01:36:52,входящая документация
397,2020-02-27 01:36:52,Организация движения и учета документов
398,2020-02-27 01:36:52,Передача документации на исполнение
399,2020-02-27 01:36:52,регистрация документации
400,2020-02-27 01:36:52,Организация хранения документации
401,2020-02-27 01:37:18,Локальные сети
402,2020-02-27 01:37:57,Internet
403,2020-02-27 01:37:57,Teamleading
404,2020-02-27 01:39:16,MS SQL Server
405,2020-02-27 01:39:16,Аналитические исследования
406,2020-02-27 01:40:31,Android SDK
407,2020-02-27 01:40:31,Java SE
408,2020-02-27 01:40:41,JavaScript
409,2020-02-27 01:41:13,Общественное питание
410,2020-02-27 01:41:48,АСВКБ
411,2020-02-27 01:41:48,Отчетность
412,2020-02-27 01:41:48,ТБСВК
413,2020-02-27 01:42:01,Atlassian Jira
414,2020-02-27 01:42:01,Microsoft Visual Studio
415,2020-02-27 01:42:48,B2O продажи
416,2020-02-27 01:44:35,Angular
417,2020-02-27 01:44:35,RxJS
418,2020-02-27 01:44:35,NgRx
419,2020-02-27 01:44:35,TDD
420,2020-02-27 01:44:41,Организация мероприятий
421,2020-02-27 01:44:41,Аттестация по ОТ и ПБ
422,2020-02-27 01:45:11,Водительское удостоверение категории B
423,2020-02-27 01:45:35,Учет ТМЦ
424,2020-02-27 01:45:35,Учет остатков
425,2020-02-27 01:46:18,Power Query
426,2020-02-27 01:46:18,Power Pivot
427,2020-02-27 01:46:19,Кассовые операции
428,2020-02-27 01:46:19,Работа с кассой
429,2020-02-27 01:47:08,VPN
430,2020-02-27 01:47:41,Автомобильные грузоперевозки
431,2020-02-27 01:47:41,Деловая этика
432,2020-02-27 01:48:18,Удостоверение/диплом машиниста мостового крана
433,2020-02-27 01:48:58,Экономический анализ
434,2020-02-27 01:48:58,Строительное делопроизводство
435,2020-02-27 01:48:58,Ведение документации
436,2020-02-27 01:48:58,"КС-2,КС-3"
437,2020-02-27 01:48:58,SAP BI
438,2020-02-27 01:48:58,SAP R/3
439,2020-02-27 01:50:07,1С: Торговля и склад
440,2020-02-27 01:50:07,Закупки
441,2020-02-27 01:50:07,нестандартные закупки
442,2020-02-27 01:50:07,чертежи
443,2020-02-27 01:51:08,Unix
444,2020-02-27 01:53:17,Рекрутмент
445,2020-02-27 01:53:17,Управление талантами
446,2020-02-27 01:53:17,Recruitment
447,2020-02-27 01:53:41,Оптимизация закупок
448,2020-02-27 01:53:41,Проведение тендеров
449,2020-02-27 01:53:47,.NET Framework
450,2020-02-27 01:53:47,ASP.NET
451,2020-02-27 01:53:47,Agile
452,2020-02-27 01:54:26,Товароведение
453,2020-02-27 01:54:26,Учет товаров
454,2020-02-27 01:58:24,Кассовые документы
455,2020-02-27 01:58:24,Инкассация
456,2020-02-27 01:58:24,Инвентаризация
457,2020-02-27 01:59:10,Оптимизация налогообложения
458,2020-02-27 01:59:10,Налоговый учет
459,2020-02-27 01:59:10,Налоговый аудит
460,2020-02-27 01:59:54,Microsoft Dynamics AX
461,2020-02-27 01:59:54,MS Axapta
462,2020-02-27 02:02:09,swift
463,2020-02-27 02:03:57,Базовые навыки в настройке и обслуживании велосипедов
464,2020-02-27 02:05:47,kubernetes
465,2020-02-27 02:05:47,Способность обучать других
466,2020-02-27 02:05:47,Умение принимать решения
467,2020-02-27 02:05:47,SRE
468,2020-02-27 02:05:47,DevOps
469,2020-02-27 02:06:49,Высокая скорость печати
470,2020-02-27 02:06:49,Ответственное хранение
471,2020-02-27 02:06:49,Производственный контроль
472,2020-02-27 02:07:20,Вождение автомобилей представительского класса
473,2020-02-27 02:07:20,Автомобильные перевозки
474,2020-02-27 02:13:01,сетевые технологии
475,2020-02-27 02:13:01,Cisco
476,2020-02-27 02:13:01,Huawei
477,2020-02-27 02:13:01,Juniper
478,2020-02-27 02:13:01,HP
479,2020-02-27 02:13:01,Asterisk
480,2020-02-27 02:13:01,WLAN
481,2020-02-27 02:13:01,Сетевая безопасность
482,2020-02-27 02:13:01,VoIP
483,2020-02-27 02:13:01,IP телефония
484,2020-02-27 02:13:01,Ruckus
485,2020-02-27 02:13:01,Aruba
486,2020-02-27 02:13:01,VLAN
487,2020-02-27 02:13:01,OSPF
488,2020-02-27 02:13:46,Недвижимость
489,2020-02-27 02:13:46,Строительство
490,2020-02-27 02:15:43,Документальное сопровождение
491,2020-02-27 02:15:43,Сопровождение клиентов
492,2020-02-27 02:15:45,Массовый подбор персонала
493,2020-02-27 02:15:45,Прямой поиск
494,2020-02-27 02:15:45,Телефонное интервью
495,2020-02-27 02:16:29,VMware
496,2020-02-27 02:16:29,Hyper-V
497,2020-02-27 02:16:29,KVM
498,2020-02-27 02:16:29,Системный подход
499,2020-02-27 02:16:29,Высокая клиентоориентированность и внимание к деталям
500,2020-02-27 02:18:08,QA
501,2020-02-27 02:18:08,MSSQL
502,2020-02-27 02:18:52,Mac Os
503,2020-02-27 02:18:52,Автоматизация технологических процессов
504,2020-02-27 02:19:19,Разработка нового продукта
505,2020-02-27 02:19:19,Управление бизнес процессами
506,2020-02-27 02:19:19,QA Lead
507,2020-02-27 02:19:19,Аутсорсинг
508,2020-02-27 02:19:19,Selenium Webdriver
509,2020-02-27 02:20:40,Технологии производства блюд
510,2020-02-27 02:20:40,Холодный цех
511,2020-02-27 02:20:41,3 группа по электробезопасности
512,2020-02-27 02:21:19,Основные средства
513,2020-02-27 02:22:00,1C: Бухгалтерия
514,2020-02-27 02:22:14,Продвижение сайтов
515,2020-02-27 02:22:14,Создание сайтов
516,2020-02-27 02:22:23,Корректура текстов
517,2020-02-27 02:22:23,SMM
518,2020-02-27 02:22:23,Социальные сети
519,2020-02-27 02:22:59,AutoCAD
520,2020-02-27 02:22:59,Инженерные системы
521,2020-02-27 02:23:04,Аудит системы управления охраной труда
522,2020-02-27 02:23:04,Вводный инструктаж по охране труда и технике безопасности
523,2020-02-27 02:23:04,Взаимодействие с органами государственного контроля
524,2020-02-27 02:23:04,Пожарная безопасность
525,2020-02-27 02:23:17,Поисковая оптимизация сайтов
526,2020-02-27 02:23:17,SEO оптимизация
527,2020-02-27 02:23:17,SEO
528,2020-02-27 02:23:17,SMO
529,2020-02-27 02:23:17,Веб-аналитика
530,2020-02-27 02:23:21,Internet Marketing
531,2020-02-27 02:24:10,Выкладка товаров
532,2020-02-27 02:24:29,Системное мышление
533,2020-02-27 02:24:29,Cистемы управления базами данных
534,2020-02-27 02:24:29,MS Movie Maker
535,2020-02-27 02:24:31,Логистика
536,2020-02-27 02:24:38,Реклама
537,2020-02-27 02:24:38,MS Internet
538,2020-02-27 02:24:40,Аналитическое мышление
539,2020-02-27 02:25:14,UML
540,2020-02-27 02:25:14,BPMN
541,2020-02-27 02:25:28,Транспортная логистика
542,2020-02-27 02:25:28,Оптимизация логистических процессов
543,2020-02-27 02:25:29,Водительское удостоверение категории BC
544,2020-02-27 02:25:52,Контекстная реклама
545,2020-02-27 02:25:52,Google AdWords
546,2020-02-27 02:25:52,Yandex Direct
547,2020-02-27 02:25:52,Яндекс.Директ
548,2020-02-27 02:26:07,Организация учебного процесса
549,2020-02-27 02:26:32,Газель-будка
550,2020-02-27 02:27:25,Управление эксплуатацией зданий
551,2020-02-27 02:27:25,Сопровождение строительства
552,2020-02-27 02:28:15,Экспедирование
553,2020-02-27 02:28:15,Управление цепочкой поставок
554,2020-02-27 02:28:15,Контейнерные перевозки
555,2020-02-27 02:28:15,Морские перевозки
556,2020-02-27 02:28:18,Проверка благонадежности
557,2020-02-27 02:28:18,Экономическая безопасность
558,2020-02-27 02:28:18,Проверка контрагентов
559,2020-02-27 02:28:18,Управление рисками
560,2020-02-27 02:28:20,Коммуникабельность
561,2020-02-27 02:29:24,телефонные продажи
562,2020-02-27 02:30:17,Разработка концепции
563,2020-02-27 02:30:17,Стратегия Развития
564,2020-02-27 02:30:37,Немецкий — A1 — Начальный
565,2020-02-27 02:30:37,Французский — A1 — Начальный
566,2020-02-27 02:30:38,Подбор производственного персонала
567,2020-02-27 02:30:48,Apache Maven
568,2020-02-27 02:30:53,Кадровое планирование
569,2020-02-27 02:30:53,Формирование планов по подбору персонала
570,2020-02-27 02:30:54,Проведение инвентаризаций
571,2020-02-27 02:31:31,Вторичная недвижимость
572,2020-02-27 02:31:49,Мотивация
573,2020-02-27 02:31:49,Big Data
574,2020-02-27 02:31:49,Power BI
575,2020-02-27 02:33:10,Анализ бизнес показателей
576,2020-02-27 02:33:10,BI
577,2020-02-27 02:33:10,Tableau
578,2020-02-27 02:33:12,Техническая эксплуатация
579,2020-02-27 02:33:12,Энергетика
580,2020-02-27 02:33:31,Английский — C2 — В совершенстве
581,2020-02-27 02:33:31,Планирование закупок
582,2020-02-27 02:33:31,Складской документооборот
583,2020-02-27 02:33:39,Расстановка приоритетов
584,2020-02-27 02:34:01,Приемка груза
585,2020-02-27 02:34:52,Открытие розничных магазинов
586,2020-02-27 02:34:52,Взаимодействие с контрагентами
587,2020-02-27 02:35:06,Мобильный мерчандайзинг
588,2020-02-27 02:35:06,Пополнение товарных запасов
589,2020-02-27 02:35:06,Размещение POS материалов
590,2020-02-27 02:35:06,Работа с региональными сетями
591,2020-02-27 02:35:39,Hive
592,2020-02-27 02:36:05,Целеустремленность
593,2020-02-27 02:37:26,Кредитные договоры
594,2020-02-27 02:37:41,Разработка маркетинговой стратегии
595,2020-02-27 02:38:09,Анализ себестоимости
596,2020-02-27 02:38:09,Расчет себестоимости
597,2020-02-27 02:38:23,Прокладка кабелей
598,2020-02-27 02:38:23,слаботочные системы
599,2020-02-27 02:38:31,SAP BW
600,2020-02-27 02:38:37,Оценка компетенций
601,2020-02-27 02:38:37,проектная работа
602,2020-02-27 02:39:39,Selenium IDE
603,2020-02-27 02:39:39,MySQL
604,2020-02-27 02:39:39,ERP
605,2020-02-27 02:39:39,selenium web driver
606,2020-02-27 02:40:00,ETL
607,2020-02-27 02:40:00,DWH
608,2020-02-27 02:40:00,Oracle BI
609,2020-02-27 02:40:00,Oracle Exadata
610,2020-02-27 02:40:00,Unix shell
611,2020-02-27 02:40:05,Логистика поставок
612,2020-02-27 02:40:05,Контроль поставок
613,2020-02-27 02:40:05,Управление поставками
614,2020-02-27 02:40:07,Управленческая отчетность
615,2020-02-27 02:40:07,Краткосрочное бюджетирование и планирование
616,2020-02-27 02:40:07,Долгосрочное бюджетирование и планирование
617,2020-02-27 02:40:07,Казначейство
618,2020-02-27 02:40:34,работа с текущей базой клиентов
619,2020-02-27 02:40:37,Social Media Marketing
620,2020-02-27 02:40:48,Mercurial
621,2020-02-27 02:40:48,Чат-бот
622,2020-02-27 02:40:48,Диалоговая система
623,2020-02-27 02:40:48,Естественный язык
624,2020-02-27 02:41:23,Арабский — B2 — Средне-продвинутый
625,2020-02-27 02:41:26,Администрирование серверов Windows
626,2020-02-27 02:41:26,DHCP
627,2020-02-27 02:41:26,Настройка DNS
628,2020-02-27 02:41:26,Windows Server 2008
629,2020-02-27 02:41:26,Windows Server 2012
630,2020-02-27 02:41:26,Организация рабочих мест
631,2020-02-27 02:41:48,.NET Core
632,2020-02-27 02:42:04,Оценка кандидатов
633,2020-02-27 02:42:12,Управление контактным центром
634,2020-02-27 02:42:12,Управление эффективностью
635,2020-02-27 02:42:20,Консультирование клиентов
636,2020-02-27 02:42:21,Организация презентаций
637,2020-02-27 02:42:40,XML
638,2020-02-27 02:42:40,Тестирование пользовательского интерфейса
639,2020-02-27 02:42:40,Проведение тестирований
640,2020-02-27 02:44:03,Умение работать в коллективе
641,2020-02-27 02:44:07,Первичные документы
642,2020-02-27 02:44:07,Сметы
643,2020-02-27 02:44:22,Мини-АТС
644,2020-02-27 02:45:13,затраты в ИТ
645,2020-02-27 02:45:13,прогнозирование затрат
646,2020-02-27 02:45:13,моделирование аллокаций
647,2020-02-27 02:45:13,аллокации
648,2020-02-27 02:45:13,аллокационная модель
649,2020-02-27 02:45:13,аллокация расходов
650,2020-02-27 02:46:00,Usability
651,2020-02-27 02:46:00,Проектирование пользовательских интерфейсов
652,2020-02-27 02:46:00,UX
653,2020-02-27 02:46:29,1С: Товары и средства
654,2020-02-27 02:46:29,Гостиницы
655,2020-02-27 02:46:39,JUnit
656,2020-02-27 02:46:50,Региональное развитие
657,2020-02-27 02:48:14,Учет материалов
658,2020-02-27 02:48:22,AngularJS
659,2020-02-27 02:48:22,Less
660,2020-02-27 02:48:22,CSS3
661,2020-02-27 02:49:53,Навыки коммуникации
662,2020-02-27 02:49:57,Кадровое делопроизводство
663,2020-02-27 02:49:57,Разработка локальных нормативных актов
664,2020-02-27 02:51:05,нефть
665,2020-02-27 02:51:05,химик
666,2020-02-27 02:51:05,Высшее химическое
667,2020-02-27 02:51:05,химико-технологическое образование
668,2020-02-27 02:51:05,экспертиза
669,2020-02-27 02:51:23,Ведение отчетности
670,2020-02-27 02:51:57,Ценообразование
671,2020-02-27 02:52:03,Компас-3D
672,2020-02-27 02:52:03,Компас
673,2020-02-27 02:52:03,Разработка инструкций
674,2020-02-27 02:53:36,Управление интернет-проектами
675,2020-02-27 02:53:55,HTML5
676,2020-02-27 02:53:55,Teamplayer
677,2020-02-27 02:53:55,Vue
678,2020-02-27 02:53:55,Vue.js
679,2020-02-27 02:53:55,UI Developer
680,2020-02-27 02:54:23,Операционное обслуживание физических лиц
681,2020-02-27 02:54:23,Кредитование физических лиц
682,2020-02-27 02:54:23,Продажа финансовых продуктов
683,2020-02-27 02:55:06,Корпоративная культура
684,2020-02-27 02:55:22,Организация деловых поездок
685,2020-02-27 02:55:34,микросервисная архитектура
686,2020-02-27 02:55:38,ReactJS
687,2020-02-27 02:55:38,TypeScript
688,2020-02-27 02:55:38,ES6/ES7
689,2020-02-27 02:55:53,Обучаемость
690,2020-02-27 02:55:53,• Желательно знания ассортимента лекарственных препаратов; • Знания кассовой дисциплины приветствует
691,2020-02-27 02:56:08,Научные исследования
692,2020-02-27 02:56:08,Научная деятельность
693,2020-02-27 02:56:08,Публичные выступления
694,2020-02-27 02:57:19,MS Project Expert
695,2020-02-27 02:58:07,Django Framework
696,2020-02-27 02:58:07,Typescript
697,2020-02-27 02:58:22,Банк-клиент
698,2020-02-27 02:58:22,Платежные поручения
699,2020-02-27 02:58:22,Открытие зарплатных карт
700,2020-02-27 02:58:45,Охрана труда
701,2020-02-27 02:58:48,E-Staff
702,2020-02-27 02:58:54,Аудиторские проверки
703,2020-02-27 02:58:54,Внутренний аудит
704,2020-02-27 02:59:09,Первичная документация
705,2020-02-27 02:59:09,Первичная бухгалтерская документация
706,2020-02-27 02:59:22,База данных: Oracle
707,2020-02-27 02:59:33,SAP FI
708,2020-02-27 02:59:33,SAP Project
709,2020-02-27 03:00:37,Backend QA
710,2020-02-27 03:00:49,Ведение активных клиентов
711,2020-02-27 03:00:49,Участие в Тендерах
712,2020-02-27 03:00:49,прогнозирование продаж
713,2020-02-27 03:01:06,MS Azure
714,2020-02-27 03:01:06,Ansible
715,2020-02-27 03:01:30,Solid Works
716,2020-02-27 03:01:30,Патент на изобретение
717,2020-02-27 03:01:30,Патент на полезные модели
718,2020-02-27 03:01:30,Патент на промышленные образцы
719,2020-02-27 03:01:30,Проведение расчетов на износостойкость
720,2020-02-27 03:01:30,Проведение расчетов на прочность
721,2020-02-27 03:01:53,Ремонт ПК
722,2020-02-27 03:01:53,Настройка ПО
723,2020-02-27 03:01:53,Настройка ПК
724,2020-02-27 03:01:53,1С: Торговля
725,2020-02-27 03:01:53,Выездное обслуживание
726,2020-02-27 03:01:53,Автоматизированное рабочее место (АРМ)
727,2020-02-27 03:01:53,Торговля
728,2020-02-27 03:01:56,Собеседование
729,2020-02-27 03:02:05,умение ориентироваться на местности
730,2020-02-27 03:02:10,MS Paint
731,2020-02-27 03:03:27,1С: Бухгалтерия и склад
732,2020-02-27 03:03:29,Базы данных
733,2020-02-27 03:03:29,Знание иностранных языков
734,2020-02-27 03:03:37,Формирование управленческой отчетности
735,2020-02-27 03:03:37,Организационные навыки
736,2020-02-27 03:06:59,Управленческий учет
737,2020-02-27 03:07:35,Капитальный ремонт
738,2020-02-27 03:07:35,Системы тепло - и холодоснабжения
739,2020-02-27 03:08:04,VBA
740,2020-02-27 03:08:04,Математический анализ
741,2020-02-27 03:08:49,SAP BPC
742,2020-02-27 03:08:50,Электронный документооборот
743,2020-02-27 03:08:50,Претензионная работа
744,2020-02-27 03:08:50,Внимательность к деталям
745,2020-02-27 03:08:50,Обязательность
746,2020-02-27 03:08:50,Организованность
747,2020-02-27 03:08:50,Инициативность
748,2020-02-27 03:08:50,Oracle CRM
749,2020-02-27 03:08:53,Техническая поддержка
750,2020-02-27 03:09:00,Взаимодействие с контрольными органами
751,2020-02-27 03:09:09,Oracle Primavera
752,2020-02-27 03:09:29,Entity Framework
753,2020-02-27 03:09:29,Design Patterns
754,2020-02-27 03:10:27,1С: Комплексная автоматизация
755,2020-02-27 03:11:15,Обновление конфигурации 1С
756,2020-02-27 03:11:18,SAP CRM
757,2020-02-27 03:11:38,Финансовый менеджмент
758,2020-02-27 03:11:39,Регресионное тестирование
759,2020-02-27 03:12:53,стэк CI/CD
760,2020-02-27 03:13:23,Информационная безопасность
761,2020-02-27 03:13:23,Средства криптографической защиты информации
762,2020-02-27 03:13:23,SOC
763,2020-02-27 03:13:26,Разработка проектной документации
764,2020-02-27 03:13:26,Автоматизация производства
765,2020-02-27 03:13:53,Навыки работы с первичной документацией
766,2020-02-27 03:13:58,Бурение скважин
767,2020-02-27 03:13:58,работа на грунтах в условиях вечной мерзлоты
768,2020-02-27 03:13:58,МБШ 812
769,2020-02-27 03:13:58,буровая установка
770,2020-02-27 03:13:58,буровые работы
771,2020-02-27 03:13:58,бурение под сваи
772,2020-02-27 03:14:16,MS Dynamics AX
773,2020-02-27 03:16:01,FineReader
774,2020-02-27 03:16:02,Написание научных статей
775,2020-02-27 03:16:02,COMSOL
776,2020-02-27 03:16:37,Строительный контроль
777,2020-02-27 03:16:42,Account Management
778,2020-02-27 03:16:42,Teambuilding
779,2020-02-27 03:16:47,Java Servlets
780,2020-02-27 03:16:47,Hibernate ORM
781,2020-02-27 03:17:04,Технология производства
782,2020-02-27 03:17:04,Ведение переписки
783,2020-02-27 03:18:54,Гранд-смета
784,2020-02-27 03:19:13,Корпоративные финансы
785,2020-02-27 03:19:13,Управление денежными средствами
786,2020-02-27 03:19:26,Windows Os
787,2020-02-27 03:19:26,SIEM
788,2020-02-27 03:19:29,machine learning
789,2020-02-27 03:19:29,deep learning
790,2020-02-27 03:19:29,Caffe
791,2020-02-27 03:19:29,Tensorflow
792,2020-02-27 03:19:29,Нейронные сети
793,2020-02-27 03:19:29,Распознавание речи
794,2020-02-27 03:19:30,Администрирование серверов Linux
795,2020-02-27 03:19:46,Контроль исправности оборудования
796,2020-02-27 03:20:21,Факторный анализ
797,2020-02-27 03:21:55,DLP
798,2020-02-27 03:23:03,Оценка потребностей клиентов
799,2020-02-27 03:23:44,Обучение команды продаж
800,2020-02-27 03:24:19,оформление заказов
801,2020-02-27 03:24:19,оформление документации
802,2020-02-27 03:25:03,Управление бухгалтерией
803,2020-02-27 03:25:19,Продвижение бренда
804,2020-02-27 03:26:39,CorelDRAW
805,2020-02-27 03:27:25,Промышленная безопасность
806,2020-02-27 03:28:19,Технический контроль производства
807,2020-02-27 03:28:19,Анализ затрат
808,2020-02-27 03:28:36,Техническая экспертиза
809,2020-02-27 03:28:36,СЭД
810,2020-02-27 03:28:37,jQuery
811,2020-02-27 03:28:37,Bootstrap
812,2020-02-27 03:28:37,Gulp
813,2020-02-27 03:28:59,SAP MM
814,2020-02-27 03:28:59,ABAP
815,2020-02-27 03:28:59,ERP Systems
816,2020-02-27 03:29:51,MATLAB
817,2020-02-27 03:29:51,Французский язык
818,2020-02-27 03:30:08,Журналистика
819,2020-02-27 03:30:08,Редакторская деятельность
820,2020-02-27 03:30:18,Аналитика
821,2020-02-27 03:31:43,Навыки телефонных продаж
822,2020-02-27 03:32:27,Работа с локальными сетями
823,2020-02-27 03:32:28,Java Core
824,2020-02-27 03:32:28,Spring
825,2020-02-27 03:32:28,JavaEE
826,2020-02-27 03:33:16,Участок "Касса"
827,2020-02-27 03:35:47,Проведение тренингов для персонала розницы
828,2020-02-27 03:35:47,Проведение тренингов для отдела продаж
829,2020-02-27 03:35:47,Коммуникативные навыки
830,2020-02-27 03:35:47,Подбор сотрудников
831,2020-02-27 03:35:54,Индивидуальное обучение
832,2020-02-27 03:36:16,расчетно-кассовое обслуживание
833,2020-02-27 03:36:16,Расчеты с покупателями
834,2020-02-27 03:37:18,R-Keeper
835,2020-02-27 03:38:16,Испанский — C1 — Продвинутый
836,2020-02-27 03:38:16,Испанский язык
837,2020-02-27 03:40:54,Продажи юридическим лицам
838,2020-02-27 03:41:27,Традиционная розница
839,2020-02-27 03:45:28,1С: Зарплата и кадры
840,2020-02-27 03:45:28,Трудовое закондательство РФ
841,2020-02-27 03:45:29,Монтажные работы
842,2020-02-27 03:45:45,Региональные сети
843,2020-02-27 03:47:39,Проведение тренинга для новых сотрудников
844,2020-02-27 03:52:02,Atlassian Confluence
845,2020-02-27 03:52:34,ITIL
846,2020-02-27 03:52:34,COBIT
847,2020-02-27 03:52:34,DevOPS
848,2020-02-27 03:53:09,QlikView
849,2020-02-27 03:53:38,Разработка ПО
850,2020-02-27 03:53:38,.net core
851,2020-02-27 03:53:50,Проведение внутренних расследований
852,2020-02-27 03:53:55,Написание сценариев
853,2020-02-27 03:54:17,Наставничество
854,2020-02-27 03:54:24,Нагрузочное тестирование
855,2020-02-27 03:55:32,Составление смет
856,2020-02-27 03:55:32,Исполнительность
857,2020-02-27 03:55:47,PHP
858,2020-02-27 03:55:47,SVN
859,2020-02-27 03:55:47,Bitrix API
860,2020-02-27 03:55:47,Yii2
861,2020-02-27 03:55:49,Sass
862,2020-02-27 03:55:49,Redux/Flux
863,2020-02-27 03:55:49,Webpack
864,2020-02-27 03:55:49,JSON API
865,2020-02-27 03:56:44,Гражданское строительство
866,2020-02-27 03:57:19,IDEF
867,2020-02-27 03:57:49,MS Visual Basic
868,2020-02-27 03:57:49,Robotic process automation
869,2020-02-27 03:57:53,B2G продажи
870,2020-02-27 03:57:54,Nginx
871,2020-02-27 03:59:34,PR
872,2020-02-27 03:59:34,Продвижение в социальных группах
873,2020-02-27 03:59:41,Продажи корпоративным клиентам
874,2020-02-27 03:59:41,1С: CRM ПРОФ
875,2020-02-27 03:59:58,Технические средства информационной защиты
876,2020-02-27 03:59:58,Технические системы и средства безопасности
877,2020-02-27 04:00:01,Ремонт бытовой техники
878,2020-02-27 04:00:20,Autodesk Revit
879,2020-02-27 04:00:27,Oracle Siebel CRM
880,2020-02-27 04:00:42,Урегулирование конфликтов
881,2020-02-27 04:02:15,PHPUnit
882,2020-02-27 04:02:15,HTTP
883,2020-02-27 04:04:06,Русский — C2 — В совершенстве
884,2020-02-27 04:04:36,Работа в режиме многозадачности
885,2020-02-27 04:08:25,В2В продажи
886,2020-02-27 04:08:26,Hadoop
887,2020-02-27 04:09:18,аккуратность
888,2020-02-27 04:09:18,внимательность
889,2020-02-27 04:09:18,перемещение ТМЦ
890,2020-02-27 04:09:18,Списание ТМЦ
891,2020-02-27 04:09:19,1С: Предприятие: Управление строительной организацией
892,2020-02-27 04:09:30,Анализ рынка
893,2020-02-27 04:10:03,Системный анализ
894,2020-02-27 04:11:31,Консультация клиентов по телефону
895,2020-02-27 04:13:55,Работа с юридическими лицами
896,2020-02-27 04:13:55,Творческое мышление
897,2020-02-27 04:14:16,Проведение ревизий
898,2020-02-27 04:14:19,Административное управление
899,2020-02-27 04:14:19,Торговый маркетинг
900,2020-02-27 04:14:46,Контроль отгрузок
901,2020-02-27 04:14:55,Development
902,2020-02-27 04:14:55,TFS
903,2020-02-27 04:14:55,Jenkins
904,2020-02-27 04:15:27,Инвестиционный консалтинг
905,2020-02-27 04:15:27,Брокер
906,2020-02-27 04:15:27,Страховой брокер
907,2020-02-27 04:15:34,Урегулирование убытков
908,2020-02-27 04:15:34,Написание процедур
909,2020-02-27 04:17:21,Обеспечение жизнедеятельности офиса
910,2020-02-27 04:17:21,Бронирование билетов
911,2020-02-27 04:20:19,1С-Битрикс
912,2020-02-27 04:20:49,Управление лояльностью потребителей
913,2020-02-27 04:21:00,Ms Expert
914,2020-02-27 04:21:14,Product Management
915,2020-02-27 04:21:14,Управление продуктом
916,2020-02-27 04:21:31,Производство строительно-монтажных работ
917,2020-02-27 04:21:49,1С: Логистика
918,2020-02-27 04:21:49,Статистика
919,2020-02-27 04:21:49,Управление заказами
920,2020-02-27 04:21:49,Анализ и обработка статистических данных
921,2020-02-27 04:21:49,XYZ-анализ
922,2020-02-27 04:24:00,Исследования рынка труда
923,2020-02-27 04:24:23,Налоги
924,2020-02-27 04:24:33,Организация корпоративных мероприятий
925,2020-02-27 04:26:46,Продажа кредитных продуктов
926,2020-02-27 04:26:46,кредитные карты
927,2020-02-27 04:28:15,Подбор недвижимости по запросу клиента
928,2020-02-27 04:28:15,продажа недвижимости
929,2020-02-27 04:28:52,ISO 9001:2015
930,2020-02-27 04:28:52,Аудит
931,2020-02-27 04:28:52,стандартизация бизнес процессов
932,2020-02-27 04:32:10,этапы продаж
933,2020-02-27 04:32:10,опыт продаж
934,2020-02-27 04:32:43,Регрессионный анализ
935,2020-02-27 04:32:43,EViews
936,2020-02-27 04:33:15,Гражданское процессуальное право
937,2020-02-27 04:33:15,Гражданский кодекс РФ
938,2020-02-27 04:33:32,МСФО
939,2020-02-27 04:33:56,Java EE
940,2020-02-27 04:34:01,Постановка задач разработчикам
941,2020-02-27 04:35:03,Project management
942,2020-02-27 04:35:03,Analytical skills
943,2020-02-27 04:35:03,Presentation skills
944,2020-02-27 04:35:54,усидчивость
945,2020-02-27 04:35:54,Внимательность
946,2020-02-27 04:38:06,Эксплуатация
947,2020-02-27 04:39:47,Оценка активов
948,2020-02-27 04:39:47,Оценка недвижимости
949,2020-02-27 04:39:47,Оценка стоимости бизнеса
950,2020-02-27 04:40:30,Проектирование
951,2020-02-27 04:41:39,Управление складом
952,2020-02-27 04:42:00,Анализ инвестиционных проектов
953,2020-02-27 04:42:00,Поиск объектов
954,2020-02-27 04:42:00,Девелопмент
955,2020-02-27 04:42:03,Ведение переписки на иностранном языке
956,2020-02-27 04:42:03,создание бизнеса
957,2020-02-27 04:42:15,ИРД
958,2020-02-27 04:42:15,Организация переговоров с представителями государственных органов
959,2020-02-27 04:42:25,Управление строительством
960,2020-02-27 04:42:25,строительно-монтажные работы
961,2020-02-27 04:42:51,Внутренняя логистика
962,2020-02-27 04:43:43,Формирование бюджета
963,2020-02-27 04:43:43,БДДС
964,2020-02-27 04:43:43,БДР
965,2020-02-27 04:44:57,Экологическая безопасность
966,2020-02-27 04:44:57,Взаимодействие с государственными контролирующими органами
967,2020-02-27 04:45:43,Swagger
968,2020-02-27 04:46:04,Оценка рисков
969,2020-02-27 04:46:04,ЕБРР
970,2020-02-27 04:46:12,HoReCa
971,2020-02-27 04:46:12,замороженные полуфабрикаты
972,2020-02-27 04:46:12,хлебобулочные изделия
973,2020-02-27 04:46:12,пищевые ингридиенты
974,2020-02-27 04:46:22,Confluence
975,2020-02-27 04:46:44,"внимательность, ответственность, стрессоустойчивость"
976,2020-02-27 04:47:32,Оптимизация радиосети
977,2020-02-27 04:47:32,LTE
978,2020-02-27 04:47:32,GSM
979,2020-02-27 04:48:37,Лизинг
980,2020-02-27 04:48:37,Факторинг
981,2020-02-27 04:51:33,переговоры с первыми лицами компаний
982,2020-02-27 04:51:48,Transact-SQL
983,2020-02-27 04:51:57,Google Chrome
984,2020-02-27 04:52:16,Альфа-Авто
985,2020-02-27 04:52:34,Budgeting
986,2020-02-27 04:52:34,Apex Code
987,2020-02-27 04:52:34,Salesforce
988,2020-02-27 04:52:43,Монтаж инженерных систем
989,2020-02-27 04:52:43,Электромонтажные работы
990,2020-02-27 04:52:51,Настройка почтовых серверов
991,2020-02-27 04:52:51,Администрирование серверов
992,2020-02-27 04:52:51,Windows Server 2008 R2
993,2020-02-27 04:52:51,Сборка ПК
994,2020-02-27 04:52:51,Офисная техника
995,2020-02-27 04:53:18,Деловая корреспонденция
996,2020-02-27 04:54:47,Redis
997,2020-02-27 04:54:47,Memcached
998,2020-02-27 04:56:40,кредитный портфель
999,2020-02-27 04:56:40,анализ субконто
1000,2020-02-27 04:56:40,банковские гарантии
1001,2020-02-27 04:56:44,Блочная выкладка товара
1002,2020-02-27 04:57:28,Виды страхования
1003,2020-02-27 04:57:28,Страховая документация
1004,2020-02-27 04:58:47,Event Management
1005,2020-02-27 04:59:44,Поварское дело
1006,2020-02-27 05:00:17,Линейная выкладка товара
1007,2020-02-27 05:02:58,Стратегический анализ
1008,2020-02-27 05:06:20,ИТ-продажи
1009,2020-02-27 05:08:13,Акты сверок
1010,2020-02-27 05:11:32,Perl
1011,2020-02-27 05:12:36,MariaDB
1012,2020-02-27 05:12:36,DataDog
1013,2020-02-27 05:12:36,Graylog
1014,2020-02-27 05:12:36,Kibana
1015,2020-02-27 05:12:36,Gitlab
1016,2020-02-27 05:14:48,С#
1017,2020-02-27 05:15:01,Адаптация
1018,2020-02-27 05:18:03,"уверенный пользователь ПК, разговорный русский язык, легко обучаемый"
1019,2020-02-27 05:18:29,Кадровый резерв
1020,2020-02-27 05:18:29,Штатное расписание
1021,2020-02-27 05:19:00,Лидерские качества
1022,2020-02-27 05:19:00,операционная эффективность
1023,2020-02-27 05:19:02,реализация товаров и услуг
1024,2020-02-27 05:19:02,Расчет затрат
1025,2020-02-27 05:19:02,Российские стандарты бухгалтерского учета
1026,2020-02-27 05:19:57,Анализ рисков
1027,2020-02-27 05:27:49,Грузовой транспорт
1028,2020-02-27 05:27:58,Протоколирование
1029,2020-02-27 05:27:58,Редактирование текстов на иностранном языке
1030,2020-02-27 05:28:22,Настройка оборудования
1031,2020-02-27 05:28:26,Развитые коммуникативные навыки
1032,2020-02-27 05:28:28,Системы охранно-тревожной сигнализации
1033,2020-02-27 05:28:28,Навыки проведения переговоров
1034,2020-02-27 05:33:07,Стратегический маркетинг
1035,2020-02-27 05:33:07,Целевой маркетинг
1036,2020-02-27 05:33:15,Бренд-менеджмент
1037,2020-02-27 05:33:15,Маркетинговые исследования
1038,2020-02-27 05:33:56,Описание бизнес-процессов
1039,2020-02-27 05:33:56,Автоматизация процессов управления персоналом
1040,2020-02-27 05:34:09,MVC
1041,2020-02-27 05:34:09,WPF
1042,2020-02-27 05:34:09,WCF
1043,2020-02-27 05:34:42,Организация подбора персонала
1044,2020-02-27 05:34:42,Развитие лидерства
1045,2020-02-27 05:34:46,Анализ ценообразования
1046,2020-02-27 05:35:05,Системы видеонаблюдения
1047,2020-02-27 05:35:05,Работа на выставках
1048,2020-02-27 05:35:05,Системы безопасности
1049,2020-02-27 05:35:23,Adobe Flash
1050,2020-02-27 05:35:23,Веб-дизайн
1051,2020-02-27 05:37:05,Литературное редактирование
1052,2020-02-27 05:37:59,Оценка бизнеса
1053,2020-02-27 05:37:59,Оценка инвестиционных проектов
1054,2020-02-27 05:37:59,Оценка оборудования
1055,2020-02-27 05:37:59,Оценка производственных комплексов
1056,2020-02-27 05:37:59,Заключение об оценке
1057,2020-02-27 05:39:39,РСБУ
1058,2020-02-27 05:40:36,Мониторинг рынка
1059,2020-02-27 05:40:36,Проведение телефонных интервью
1060,2020-02-27 05:42:26,Paid Search
1061,2020-02-27 05:42:26,Web-дизайн
1062,2020-02-27 05:42:38,Системы мониторинга сетей
1063,2020-02-27 05:42:38,СКС
1064,2020-02-27 05:42:48,MDM
1065,2020-02-27 05:43:32,pega
1066,2020-02-27 05:44:45,Медицинская экспертиза
1067,2020-02-27 05:44:59,Проведение опросов клиентов
1068,2020-02-27 05:44:59,работа с физическими лицами
1069,2020-02-27 05:45:07,Терапевт
1070,2020-02-27 05:45:07,Лечащий врач
1071,2020-02-27 05:45:12,CASE- средства
1072,2020-02-27 05:45:12,EPC
1073,2020-02-27 05:45:12,Use Case Analysis
1074,2020-02-27 05:45:12,JSON
1075,2020-02-27 05:45:40,Windows Server 2003
1076,2020-02-27 05:45:48,Участие в ярмарках вакансий
1077,2020-02-27 05:45:48,Взаимодействие с ВУЗами
1078,2020-02-27 05:45:48,интервью по компетенциям
1079,2020-02-27 05:46:12,vue.js
1080,2020-02-27 05:48:17,Key Account Management
1081,2020-02-27 05:48:17,Дистрибуция
1082,2020-02-27 05:48:17,Командообразование
1083,2020-02-27 05:48:17,Развитие дистрибуции
1084,2020-02-27 05:48:43,Market Research
1085,2020-02-27 05:49:06,Риск-менеджмент
1086,2020-02-27 05:50:16,Architecture
1087,2020-02-27 05:50:26,Стратегический менеджмент
1088,2020-02-27 05:51:52,Дизайн интерьера
1089,2020-02-27 05:51:55,Планирование рабочего дня руководителя
1090,2020-02-27 05:52:46,ОСАГО
1091,2020-02-27 05:53:14,Создание филиальной розничной сети
1092,2020-02-27 05:53:14,Составление бизнес-плана
1093,2020-02-27 05:53:14,Управление затратами
1094,2020-02-27 05:53:14,Открытие торговых филиалов
1095,2020-02-27 05:53:46,Приходные и расходные кассовые ордера
1096,2020-02-27 05:54:40,Golang
1097,2020-02-27 05:55:01,Автоматизация продаж
1098,2020-02-27 05:55:05,Поиск и подбор помещения
1099,2020-02-27 05:55:53,Пуско-наладочные работы
1100,2020-02-27 05:55:53,Ввод в эксплуатацию
1101,2020-02-27 05:59:10,Фармация
1102,2020-02-27 05:59:57,Delphi
1103,2020-02-27 06:01:52,Windows
1104,2020-02-27 06:01:52,Microsoft
1105,2020-02-27 06:01:52,MS Servers
1106,2020-02-27 06:04:20,Издание книги
1107,2020-02-27 06:04:20,Анализ книжного рынка
1108,2020-02-27 06:04:20,Продающий текст
1109,2020-02-27 06:04:20,Исследования рынка
1110,2020-02-27 06:05:22,ACCA
1111,2020-02-27 06:05:22,DipIFR
1112,2020-02-27 06:05:22,Разработка методологии управленческой отчетности
1113,2020-02-27 06:05:40,ВЭД
1114,2020-02-27 06:05:40,Приемка товара
1115,2020-02-27 06:07:04,CentOS
1116,2020-02-27 06:08:50,Гибкость
1117,2020-02-27 06:10:13,Olap (online analytical processing)
1118,2020-02-27 06:10:29,Анализ поведения пользователей
1119,2020-02-27 06:10:29,Select
1120,2020-02-27 06:10:29,Join
1121,2020-02-27 06:11:31,.NET Core 3.1
1122,2020-02-27 06:12:37,Objective-C
1123,2020-02-27 06:13:22,Swift
1124,2020-02-27 06:13:52,Арбитражные суды
1125,2020-02-27 06:13:52,Гражданское право
1126,2020-02-27 06:13:52,Опыт судебных разбирательств
1127,2020-02-27 06:13:52,Правовые системы
1128,2020-02-27 06:14:40,REST/API
1129,2020-02-27 06:14:40,UX-проектирование
1130,2020-02-27 06:14:47,Валютные платежи
1131,2020-02-27 06:14:47,Участок "Банк-Клиент"
1132,2020-02-27 06:16:40,GO
1133,2020-02-27 06:16:44,PHP5
1134,2020-02-27 06:18:04,Экономический аудит
1135,2020-02-27 06:18:45,"Общество с ограниченной ответственностью «Институт проектирования, архитектуры и дизайна»"
1136,2020-02-27 06:18:55,Физическая выносливость
1137,2020-02-27 06:20:28,"ООО ""Институт проектирования, архитектуры и дизайна"" (ООО ""ИнПАД"")"
1138,2020-02-27 06:21:26,Google Docs
1139,2020-02-27 06:22:23,UI
1140,2020-02-27 06:22:23,Sketch
1141,2020-02-27 06:22:23,Figma
1142,2020-02-27 06:22:23,Principle
1143,2020-02-27 06:22:23,ProtoPie
1144,2020-02-27 06:22:23,InVision
1145,2020-02-27 06:22:23,Zeplin
1146,2020-02-27 06:22:28,Скрупулезность
1147,2020-02-27 06:22:28,Желание обучаться
1148,2020-02-27 06:22:28,ЛИРА
1149,2020-02-27 06:22:28,Монолитное домостроение
1150,2020-02-27 06:22:28,железобетон
1151,2020-02-27 06:22:40,Водоснабжение и канализация
1152,2020-02-27 06:22:40,Системы канализации и водоснабжения
1153,2020-02-27 06:23:01,E-Mail Marketing
1154,2020-02-27 06:23:01,B2B Marketing
1155,2020-02-27 06:23:25,Автострахование
1156,2020-02-27 06:23:31,Бронирование туров
1157,2020-02-27 06:23:31,Бронирование гостиниц
1158,2020-02-27 06:23:31,Туристический менеджмент
1159,2020-02-27 06:23:31,Международный туризм
1160,2020-02-27 06:24:09,Разработка регламентов
1161,2020-02-27 06:24:09,1C: Финансы
1162,2020-02-27 06:24:13,Аренда недвижимости
1163,2020-02-27 06:24:13,Электрические сети
1164,2020-02-27 06:24:13,Тендерная работа
1165,2020-02-27 06:25:32,Multithread Programming
1166,2020-02-27 06:25:32,Customer Support
1167,2020-02-27 06:25:57,Составление исков
1168,2020-02-27 06:25:57,Судопроизводство
1169,2020-02-27 06:27:01,Фармакология
1170,2020-02-27 06:27:09,ремонт автомобилей
1171,2020-02-27 06:27:09,"ремонт МКПП, ремонат АКПП, Ходовая часть, Двигатель"
1172,2020-02-27 06:27:09,авто бизнес
1173,2020-02-27 06:27:53,Банковское кассовое обслуживание
1174,2020-02-27 06:28:25,Selenium
1175,2020-02-27 06:28:25,WebDriver
1176,2020-02-27 06:29:21,Участие в профессиональных выставках
1177,2020-02-27 06:29:42,Adobe Acrobat
1178,2020-02-27 06:29:53,Производственная логистика
1179,2020-02-27 06:31:27,Организация системного рекрутмента
1180,2020-02-27 06:31:52,Восстановление кадрового документооборота
1181,2020-02-27 06:32:05,Лидогенерация
1182,2020-02-27 06:32:05,Составление семантического ядра
1183,2020-02-27 06:32:05,Интернет маркетинг
1184,2020-02-27 06:32:05,Маркетинг услуг
1185,2020-02-27 06:32:50,LINQ
1186,2020-02-27 06:33:39,Лизинговые операции
1187,2020-02-27 06:33:39,структурирование сделок
1188,2020-02-27 06:34:01,Проектно-конструкторская деятельность
1189,2020-02-27 06:34:01,3D Моделирование
1190,2020-02-27 06:34:08,Marketing Analysis
1191,2020-02-27 06:35:08,SQL Server
1192,2020-02-27 06:36:36,Медицинское оборудование
1193,2020-02-27 06:36:36,ЭКГ
1194,2020-02-27 06:36:44,Планирование рекламных кампаний
1195,2020-02-27 06:36:44,Таргетинг
1196,2020-02-27 06:36:57,Исследование рынка
1197,2020-02-27 06:38:10,Продажи через интернет
1198,2020-02-27 06:41:18,Организация встреч
1199,2020-02-27 06:42:52,Оценка эффективности промо акций
1200,2020-02-27 06:43:10,Bosun
1201,2020-02-27 06:43:10,Nagios
1202,2020-02-27 06:43:10,bash-скрипты
1203,2020-02-27 06:43:10,regexp
1204,2020-02-27 06:43:10,docker
1205,2020-02-27 06:43:10,java приложения
1206,2020-02-27 06:43:10,haproxy
1207,2020-02-27 06:44:41,Сканер
1208,2020-02-27 06:45:56,сборка зеркал
1209,2020-02-27 06:46:27,Selenium WebDriver
1210,2020-02-27 06:46:49,Разработка организационной структуры компании
1211,2020-02-27 06:47:20,Договоры подряда
1212,2020-02-27 06:51:45,навыки ведения переговоров
1213,2020-02-27 06:51:45,способность принимать решения
1214,2020-02-27 06:51:45,умение выявлять действительные риски и снижать их
1215,2020-02-27 06:51:47,Нормирование труда
1216,2020-02-27 06:52:56,ОПС
1217,2020-02-27 06:52:56,СОУЭ
1218,2020-02-27 06:52:56,СКУД
1219,2020-02-27 06:52:56,АУПТ
1220,2020-02-27 06:52:56,СВН
1221,2020-02-27 06:52:56,БОЛИД
1222,2020-02-27 06:53:18,Претенциозная работа
1223,2020-02-27 06:53:18,MS CRM
1224,2020-02-27 06:53:29,Обслуживание лифтов
1225,2020-02-27 06:53:46,Unity
1226,2020-02-27 06:53:46,Animator
1227,2020-02-27 06:53:46,Pipeline
1228,2020-02-27 06:53:57,АСУ ТП
1229,2020-02-27 06:53:57,CODESYS
1230,2020-02-27 06:54:39,Сварочные работы
1231,2020-02-27 06:54:53,Access
1232,2020-02-27 06:55:04,Аудит безопасности
1233,2020-02-27 06:55:04,Защита персональных данных
1234,2020-02-27 06:55:04,КИИ
1235,2020-02-27 06:55:04,АСУТП
1236,2020-02-27 06:55:04,Участие в проектной команде
1237,2020-02-27 06:55:04,Пресейл
1238,2020-02-27 06:55:04,Kaspersky Endpoint Security
1239,2020-02-27 06:55:04,ViPNet
1240,2020-02-27 06:55:04,ISIM
1241,2020-02-27 06:55:04,vGate R2
1242,2020-02-27 06:58:40,OpenGL
1243,2020-02-27 06:58:59,Развитие персонала
1244,2020-02-27 07:00:12,Прием посетителей
1245,2020-02-27 07:00:12,Организация работы приемной
1246,2020-02-27 07:00:12,Административная поддержка руководителя
1247,2020-02-27 07:02:09,Positive Technologies MP8
1248,2020-02-27 07:02:09,SecretNet Studio
1249,2020-02-27 07:04:22,"проектные продажи, нефтегазовое оборудование"
1250,2020-02-27 07:05:59,энергичность
1251,2020-02-27 07:06:05,Mathcad
1252,2020-02-27 07:06:05,Autodesk Inventor
1253,2020-02-27 07:06:36,Умение работать в быстром темпе
1254,2020-02-27 07:06:43,MS SharePoint
1255,2020-02-27 07:08:03,Qlik View
1256,2020-02-27 07:08:03,tableau
1257,2020-02-27 07:08:40,MS Dos
1258,2020-02-27 07:08:40,Умение планировать
1259,2020-02-27 07:11:15,Водительское удостоверение категории A
1260,2020-02-27 07:12:16,Загородная недвижимость
1261,2020-02-27 07:12:16,Коммерческая недвижимость
1262,2020-02-27 07:12:16,Элитная недвижимость
1263,2020-02-27 07:14:06,Исходно-разрешительная документация
1264,2020-02-27 07:15:32,Кадровая безопасность
1265,2020-02-27 07:19:42,Dart
1266,2020-02-27 07:21:06,ShaderLab
1267,2020-02-27 07:21:06,UnityEngine.UI
1268,2020-02-27 07:21:06,TextMeshPro
1269,2020-02-27 07:21:06,API UnityEditor
1270,2020-02-27 07:21:06,Graphic Debugger
1271,2020-02-27 07:21:43,Спортивное питание
1272,2020-02-27 07:22:18,Умение считать
1273,2020-02-27 07:22:27,Flash Actionscript
1274,2020-02-27 07:24:11,Немецкий — C1 — Продвинутый
1275,2020-02-27 07:24:11,Клиентоцентричность
1276,2020-02-27 07:24:11,Наземный транспорт
1277,2020-02-27 07:24:11,Прицеп
1278,2020-02-27 07:24:11,Кузов
1279,2020-02-27 07:24:11,Автомобилестроение
1280,2020-02-27 07:24:30,Data Mining
1281,2020-02-27 07:24:47,Взаимодействие с надзорными организациями
1282,2020-02-27 07:27:33,Microsoft Office FrontPage
1283,2020-02-27 07:27:45,Внедрение систем информационной безопасности
1284,2020-02-27 07:27:45,кибербезопасность
1285,2020-02-27 07:27:45,защита данных
1286,2020-02-27 07:29:16,TestRail
1287,2020-02-27 07:29:16,Capybara
1288,2020-02-27 07:29:16,Cucumber
1289,2020-02-27 07:31:50,Управление ассортиментом
1290,2020-02-27 07:31:50,Управление запасами
1291,2020-02-27 07:32:21,Computer Science
1292,2020-02-27 07:32:25,Управление магазином
1293,2020-02-27 07:33:01,MES
1294,2020-02-27 07:33:01,Автоматизация производственных процессов
1295,2020-02-27 07:36:19,SWOT анализ
1296,2020-02-27 07:38:00,Графический дизайн
1297,2020-02-27 07:38:00,Дизайн
1298,2020-02-27 07:38:01,оператор call-центра
1299,2020-02-27 07:38:02,Развитие бренда
1300,2020-02-27 07:38:46,опыт в продажах среднетоннажных грузовых автомобилей
1301,2020-02-27 07:39:50,Adobe After Effect
1302,2020-02-27 07:40:45,Оперативный поиск информации в сети Интернет
1303,2020-02-27 07:40:45,Продвижение объекта
1304,2020-02-27 07:41:01,Borland Delphi
1305,2020-02-27 07:43:06,умение работать в команде
1306,2020-02-27 07:44:32,Windows Server
1307,2020-02-27 07:47:44,Axure RP
1308,2020-02-27 07:48:45,Customer Service
1309,2020-02-27 07:49:19,P&L
1310,2020-02-27 07:49:19,БДР БДДС
1311,2020-02-27 07:50:20,Маршрутизация перевозок
1312,2020-02-27 07:50:20,оптимизация отгрузок
1313,2020-02-27 07:50:20,Работа с клиентами
1314,2020-02-27 07:51:39,Математическое моделирование
1315,2020-02-27 07:51:39,Построение финансовых моделей
1316,2020-02-27 07:51:39,CF
1317,2020-02-27 07:51:39,BS
1318,2020-02-27 07:52:04,fiori
1319,2020-02-27 07:52:04,ui5
1320,2020-02-27 07:53:10,RabbitMQ
1321,2020-02-27 07:53:10,aiohttp
1322,2020-02-27 07:53:57,Wildfly
1323,2020-02-27 07:53:57,Maven
1324,2020-02-27 07:54:32,отгрузка товара
1325,2020-02-27 07:54:59,1С
1326,2020-02-27 07:55:39,QA Automation
1327,2020-02-27 07:56:29,презентация автомобиля
1328,2020-02-27 07:56:29,Выявление потребностей в обучении
1329,2020-02-27 07:56:29,Продажа дополнительных услуг и оборудования
1330,2020-02-27 07:56:58,Продажи через дилеров
1331,2020-02-27 07:57:16,ТМЦ
1332,2020-02-27 07:58:05,Adobe Lightroom
1333,2020-02-27 07:59:47,Продажа решений для бизнеса
1334,2020-02-27 07:59:47,BDM
1335,2020-02-27 07:59:57,ЕСМ
1336,2020-02-27 07:59:57,1C
1337,2020-02-27 08:00:29,HACCP
1338,2020-02-27 08:01:05,"Microsoft Access, Microsoft Excel, Microsoft Word"
1339,2020-02-27 08:01:49,C++
1340,2020-02-27 08:02:12,"Microsoft Excel, PowerPoint, MS Office"
1341,2020-02-27 08:02:52,Санпин
1342,2020-02-27 08:02:52,Санитарный контроль
1343,2020-02-27 08:02:52,Эпидемиологический контроль
1344,2020-02-27 08:02:52,Инспекционные проверки
1345,2020-02-27 08:02:52,Санитарная экспертиза
1346,2020-02-27 08:02:52,Эпидемиология
1347,2020-02-27 08:02:52,Инспектирование деятельности организаций здравоохранения
1348,2020-02-27 08:06:29,Поисковые системы
1349,2020-02-27 08:06:29,Opera
1350,2020-02-27 08:06:49,КС-2
1351,2020-02-27 08:06:49,КС-3
1352,2020-02-27 08:07:22,Конкурсные продажи
1353,2020-02-27 08:07:22,44ФЗ
1354,2020-02-27 08:07:22,223ФЗ
1355,2020-02-27 08:07:22,Конкурсная документация
1356,2020-02-27 08:09:17,Performance testing
1357,2020-02-27 08:09:28,JMeter
1358,2020-02-27 08:09:28,HP LoadRunner
1359,2020-02-27 08:09:28,Load testing
1360,2020-02-27 08:09:28,Yandex.Tank
1361,2020-02-27 08:09:52,Опыт продаж с отделами пекарен федеральных сетей
1362,2020-02-27 08:09:52,Переговоры на уровне ЛПР
1363,2020-02-27 08:12:01,Ресторанный менеджмент
1364,2020-02-27 08:12:28,Производство пусконаладочных работ
1365,2020-02-27 08:13:32,Маркетинг
1366,2020-02-27 08:14:32,Сбор и анализ информации
1367,2020-02-27 08:14:32,Построение гипотез
1368,2020-02-27 08:14:32,Построение бизнес-модели
1369,2020-02-27 08:14:32,Проектное управление
1370,2020-02-27 08:17:34,Terraform
1371,2020-02-27 08:17:34,Postgres
1372,2020-02-27 08:23:53,коммерческая стратегия
1373,2020-02-27 08:23:53,Категорийный менеджмент
1374,2020-02-27 08:23:53,Продвижение товарной категории
1375,2020-02-27 08:23:53,Промо
1376,2020-02-27 08:24:15,Таможенный кодекс ЕАЭС
1377,2020-02-27 08:24:59,ГОСТ
1378,2020-02-27 08:27:29,AXAPTA
1379,2020-02-27 08:28:14,Федеральные сети
1380,2020-02-27 08:28:32,техническое устройство погрузчиков
1381,2020-02-27 08:28:32,Допуск по электробезопасности 4 гр
1382,2020-02-27 08:28:32,ремонт оборудования
1383,2020-02-27 08:28:32,высотные работы
1384,2020-02-27 08:28:32,обслуживание оборудования
1385,2020-02-27 08:28:36,Выбор подрядных организаций
1386,2020-02-27 08:30:09,ITSM
1387,2020-02-27 08:30:09,Государственные закупки
1388,2020-02-27 08:31:34,IP-телефония
1389,2020-02-27 08:32:27,проведение интервью
1390,2020-02-27 08:33:22,Чикаго
1391,2020-02-27 08:33:22,Sales Works
1392,2020-02-27 08:33:22,Data Governments
1393,2020-02-27 08:33:55,SQL-запросы
1394,2020-02-27 08:34:22,Взыскание задолженности
1395,2020-02-27 08:35:36,Haxe
1396,2020-02-27 08:35:36,haxe
1397,2020-02-27 08:35:39,Ипотечное кредитование
1398,2020-02-27 08:35:52,развитие партнерской сети
1399,2020-02-27 08:35:52,ипотека
1400,2020-02-27 08:39:00,Юридическое сопровождение
1401,2020-02-27 08:39:00,Регистрация юридических лиц
1402,2020-02-27 08:39:00,Договоры аренды
1403,2020-02-27 08:40:59,redux
1404,2020-02-27 08:41:51,Оприходование товара
1405,2020-02-27 08:43:11,Административно-хозяйственная деятельность
1406,2020-02-27 08:44:36,Azure
1407,2020-02-27 08:44:40,Расчетно-кассовое обслуживание физических лиц
1408,2020-02-27 08:44:51,ЕСКД
1409,2020-02-27 08:44:51,Unigraphics NX
1410,2020-02-27 08:45:03,Анализ ассортиментной линейки
1411,2020-02-27 08:45:03,Анализ торговой марки
1412,2020-02-27 08:49:09,NLP
1413,2020-02-27 08:49:09,AI
1414,2020-02-27 08:49:09,Data Analysis
1415,2020-02-27 08:49:09,Техническая документация
1416,2020-02-27 08:52:16,React Native
1417,2020-02-27 08:52:16,Разработка мобильных приложений
1418,2020-02-27 08:53:37,Юридическая поддержка
1419,2020-02-27 08:53:37,Трудовые споры
1420,2020-02-27 08:54:02,КИПиА
1421,2020-02-27 08:55:05,Первичная недвижимость
1422,2020-02-27 08:55:48,"хороший продажник, стрессоустойчивый и позитивный"
1423,2020-02-27 08:56:02,Закупка рекламных материалов
1424,2020-02-27 08:56:53,подготовка документов для участия в тендерах
1425,2020-02-27 08:58:30,MF ALM
1426,2020-02-27 08:58:30,Remine
1427,2020-02-27 08:58:37,"В2С, прямые продажи,"
1428,2020-02-27 09:00:58,Ведение кассовой книги
1429,2020-02-27 09:02:11,позитивный настрой
1430,2020-02-27 09:02:38,Китайский язык
1431,2020-02-27 09:02:44,Работоспособность
1432,2020-02-27 09:02:44,обучаемость
1433,2020-02-27 09:02:52,Выполнение технического надзора
1434,2020-02-27 09:02:52,нормативно-техническая документация
1435,2020-02-27 09:12:17,Медиапланирование
1436,2020-02-27 09:14:42,Водительское удостоверение категории "Е"
1437,2020-02-27 09:14:42,Водительское удостоверение категории BCE
1438,2020-02-27 09:14:42,Водительское удостоверение СЕ
1439,2020-02-27 09:18:32,Поиск поставщиков
1440,2020-02-27 09:18:32,Масс-маркет
1441,2020-02-27 09:18:32,Нишевая парфюмерия
1442,2020-02-27 09:18:38,Shell Scripting
1443,2020-02-27 09:18:38,Debian
1444,2020-02-27 09:22:08,Autodesk Maya
1445,2020-02-27 09:22:20,PR первых лиц компании
1446,2020-02-27 09:22:20,Вывод компании на рынок
1447,2020-02-27 09:22:20,Анализ PR стратегии конкурентов
1448,2020-02-27 09:22:20,Медиа-мониторинг
1449,2020-02-27 09:22:20,Наличие контактов с журналистами
1450,2020-02-27 09:22:20,Подготовка комментариев для телевидения
1451,2020-02-27 09:22:20,Электронные СМИ
1452,2020-02-27 09:26:57,Product Marketing
1453,2020-02-27 09:29:05,ПРО100
1454,2020-02-27 09:29:05,Умение рисовать от руки
1455,2020-02-27 09:32:05,Написание научный статей
1456,2020-02-27 09:34:27,Контроль отгрузки и доставки товара
1457,2020-02-27 09:34:27,Безаварийное вождение
1458,2020-02-27 09:34:42,scorm
1459,2020-02-27 09:34:42,webtutor
1460,2020-02-27 09:34:42,ispring
1461,2020-02-27 09:34:42,онлайн обучение
1462,2020-02-27 09:34:57,44-ФЗ
1463,2020-02-27 09:38:20,Проектная калькуляция
1464,2020-02-27 09:40:13,Citrix
1465,2020-02-27 09:40:13,Veeam
1466,2020-02-27 09:40:13,Virtualization
1467,2020-02-27 09:40:13,Backup
1468,2020-02-27 09:40:13,IT инфраструктура
1469,2020-02-27 09:41:15,Брендинг
1470,2020-02-27 09:41:15,Позиционирование бренда
1471,2020-02-27 09:41:15,Бренд-маркетинг
1472,2020-02-27 09:44:37,1С: Предприятие управление страховой компанией
1473,2020-02-27 09:44:49,Elasticsearch
1474,2020-02-27 09:44:49,Logstash
1475,2020-02-27 09:44:49,Beats
1476,2020-02-27 09:45:17,Преподаватель
1477,2020-02-27 09:46:30,Logistics Management
1478,2020-02-27 09:46:30,Transport Logistics
1479,2020-02-27 09:46:30,International Logistics
1480,2020-02-27 09:46:30,Supply Chain Management
1481,2020-02-27 09:47:27,590-П
1482,2020-02-27 09:47:27,611-П
1483,2020-02-27 09:47:27,180-И
1484,2020-02-27 09:47:27,511-П
1485,2020-02-27 09:47:27,579-П
1486,2020-02-27 09:47:27,646-П
1487,2020-02-27 09:47:27,69-Т
1488,2020-02-27 09:47:27,4336-У
1489,2020-02-27 09:47:27,1584-У
1490,2020-02-27 09:47:27,4482-У
1491,2020-02-27 09:47:27,3277-У
1492,2020-02-27 09:47:27,расчет капитала
1493,2020-02-27 09:47:27,расчет нормативов
1494,2020-02-27 09:48:56,SaaS
1495,2020-02-27 09:48:56,IT
1496,2020-02-27 09:49:07,Статистическая отчетность
1497,2020-02-27 09:49:07,Гарант
1498,2020-02-27 09:51:53,Работа с федеральными сетями
1499,2020-02-27 09:54:22,Мониторинг цен
1500,2020-02-27 09:54:51,желание развиваться
1501,2020-02-27 09:54:51,оптимизм
1502,2020-02-27 09:55:33,Логистический менеджмент
1503,2020-02-27 09:56:23,Выставочная деятельность
1504,2020-02-27 09:56:23,Написание пресс-релизов
1505,2020-02-27 09:59:15,PMBOK
1506,2020-02-27 09:59:21,Проведение праздников
1507,2020-02-27 09:59:21,Sony Vegas
1508,2020-02-27 10:02:21,холодильное оборудование
1509,2020-02-27 10:03:29,Книга покупок
1510,2020-02-27 10:04:49,Adobe InDesign
1511,2020-02-27 10:05:15,работа на токарном и фрезерном станках
1512,2020-02-27 10:06:37,В2С
1513,2020-02-27 10:06:37,кредитный контролёр
1514,2020-02-27 10:06:37,Сверка с клиентами
1515,2020-02-27 10:06:37,просроченные счета
1516,2020-02-27 10:07:13,Управление требованиями
1517,2020-02-27 10:09:38,АСУ
1518,2020-02-27 10:09:38,Штрихкодирование
1519,2020-02-27 10:09:59,Управление бюджетом
1520,2020-02-27 10:12:14,АСУД-248
1521,2020-02-27 10:12:14,Болид
1522,2020-02-27 10:12:14,Юнитест
1523,2020-02-27 10:12:14,Видеонаблюдение
1524,2020-02-27 10:12:14,Домофония
1525,2020-02-27 10:12:52,Leadership Skills
1526,2020-02-27 10:13:57,Веб-программирование
1527,2020-02-27 10:13:57,QUnit
1528,2020-02-27 10:14:10,SCALA
1529,2020-02-27 10:14:28,SolidWorks
1530,2020-02-27 10:14:28,Microsoft Access
1531,2020-02-27 10:14:28,Pro engineer
1532,2020-02-27 10:14:45,Turbo Pascal
1533,2020-02-27 10:15:53,Общая психология
1534,2020-02-27 10:16:20,Организация массового подбора
1535,2020-02-27 10:16:24,умение работать с большим объемом информации
1536,2020-02-27 10:17:14,YouTrack
1537,2020-02-27 10:17:14,TeamCity
1538,2020-02-27 10:17:14,Octopus
1539,2020-02-27 10:17:14,ASP.NET Core
1540,2020-02-27 10:17:27,права категории В
1541,2020-02-27 10:17:27,Вождение ричтрака
1542,2020-02-27 10:20:21,Контур-Экстерн
1543,2020-02-27 10:20:21,Отчетность в ФСС
1544,2020-02-27 10:20:21,НДФЛ
1545,2020-02-27 10:20:21,ИФНС
1546,2020-02-27 10:20:23,B2C Marketing
1547,2020-02-27 10:20:23,Digital Marketing
1548,2020-02-27 10:20:25,Pinnacle Studio
1549,2020-02-27 10:24:08,Онлайн-банк
1550,2020-02-27 10:24:08,Удаленное сотрудничество
1551,2020-02-27 10:24:08,Кроссбраз
1552,2020-02-27 10:24:08,SPA
1553,2020-02-27 10:24:08,Redux
1554,2020-02-27 10:24:08,Финтех
1555,2020-02-27 10:24:08,Start-up project
1556,2020-02-27 10:25:18,финансовый мониторинг
1557,2020-02-27 10:25:18,Противодействие легализации
1558,2020-02-27 10:27:48,Бумажный документооборот
1559,2020-02-27 10:28:06,Графические редакторы
1560,2020-02-27 10:28:30,Symfony
1561,2020-02-27 10:28:30,ZeroMQ
1562,2020-02-27 10:28:30,ActiveMQ
1563,2020-02-27 10:29:45,"Администрирование приема, перевода и увольнения сотрудников"
1564,2020-02-27 10:29:45,Прохождение проверок кадровых инспекций
1565,2020-02-27 10:29:45,Консультирование сотрудников по вопросам трудового законодательства
1566,2020-02-27 10:30:23,ML
1567,2020-02-27 10:30:23,pandas
1568,2020-02-27 10:32:41,Немецкий — B1 — Средний
1569,2020-02-27 10:32:57,Ветеринария
1570,2020-02-27 10:33:58,CIMA
1571,2020-02-27 10:33:58,себестоимость
1572,2020-02-27 10:33:58,Расчет и анализ себестоимости продукции и услуг
1573,2020-02-27 10:34:09,СНиП
1574,2020-02-27 10:35:40,Оптимизация затрат
1575,2020-02-27 10:37:44,Digital продажи
1576,2020-02-27 10:38:24,Консолидация отчетности
1577,2020-02-27 10:38:24,Внутригрупповые операции
1578,2020-02-27 10:39:50,Корпоративные мероприятия
1579,2020-02-27 10:39:50,Деловой этикет
1580,2020-02-27 10:39:54,React native
1581,2020-02-27 10:44:30,ANSYS
1582,2020-02-27 10:44:30,Метрология
1583,2020-02-27 10:44:30,калибровка
1584,2020-02-27 10:44:30,Метрологическая экспертиза
1585,2020-02-27 10:44:30,Поверка
1586,2020-02-27 10:44:53,Kompas (Erp)
1587,2020-02-27 10:44:53,Inventor
1588,2020-02-27 10:44:53,CATIA
1589,2020-02-27 10:44:53,Электрические системы и слаботочные системы
1590,2020-02-27 10:44:53,электрические жгуты
1591,2020-02-27 10:45:15,Управление знаниями
1592,2020-02-27 10:48:29,Подготовка отчетов
1593,2020-02-27 10:48:29,Визовая поддержка
1594,2020-02-27 10:50:18,Входящая корреспонденция
1595,2020-02-27 10:50:18,Прием и распределение звонков
1596,2020-02-27 10:50:18,первичный документооборот
1597,2020-02-27 10:50:18,Поддержка работы офиса
1598,2020-02-27 10:50:18,исходящая корреспонденция
1599,2020-02-27 10:50:18,исполнение поручений руководителя
1600,2020-02-27 10:53:43,Отчетность в ПФР
1601,2020-02-27 10:54:50,Руководство кухней
1602,2020-02-27 10:54:52,Амбициозность
1603,2020-02-27 10:57:45,Лицензирование
1604,2020-02-27 10:58:51,Yii
1605,2020-02-27 10:58:51,удаленная работа
1606,2020-02-27 11:00:37,IT Recruitment
1607,2020-02-27 11:01:10,Комплектация
1608,2020-02-27 11:01:10,отгрузка
1609,2020-02-27 11:05:35,Redmine
1610,2020-02-27 11:08:47,ЦБ РФ
1611,2020-02-27 11:13:52,LAN
1612,2020-02-27 11:13:52,FTP
1613,2020-02-27 11:13:52,PHP7
1614,2020-02-27 11:14:14,Банковское право
1615,2020-02-27 11:15:12,Windows Xp
1616,2020-02-27 11:15:12,Пунктуальность
1617,2020-02-27 11:15:12,Самостоятельность
1618,2020-02-27 11:17:01,Time management
1619,2020-02-27 11:18:28,223фз
1620,2020-02-27 11:18:28,44фз
1621,2020-02-27 11:19:05,Лабораторная диагностика
1622,2020-02-27 11:21:47,программирование
1623,2020-02-27 11:21:47,Битрикс24
1624,2020-02-27 11:23:55,Автоматизация кадрового документооборота
1625,2020-02-27 11:23:55,Администрирование ДМС
1626,2020-02-27 11:23:55,Воинский учет
1627,2020-02-27 11:24:02,• Желательно знания ассортимента лекарственных препаратов
1628,2020-02-27 11:24:02,• Знания кассовой дисциплины приветствуется
1629,2020-02-27 11:28:57,личные продажи
1630,2020-02-27 11:30:05,Продажа объекта
1631,2020-02-27 11:34:51,windows 10
1632,2020-02-27 11:35:17,Управление финансами
1633,2020-02-27 11:36:42,Фитнес
1634,2020-02-27 11:36:50,Микробиология
1635,2020-02-27 11:42:48,продажи по телефону
1636,2020-02-27 11:45:12,Visual Studio C#
1637,2020-02-27 11:45:54,Антикризисные коммуникации
1638,2020-02-27 11:46:28,Ember
1639,2020-02-27 11:46:28,ES5
1640,2020-02-27 11:46:28,ES6
1641,2020-02-27 11:47:48,Взаимодействие с правоохранительными органами
1642,2020-02-27 11:49:17,Xcode
1643,2020-02-27 11:49:17,SWIFT Alliance
1644,2020-02-27 11:52:03,Cоциальный маркетинг
1645,2020-02-27 11:52:32,Продажи
1646,2020-02-27 11:54:34,Sas
1647,2020-02-27 11:54:59,Распределительная логистика
1648,2020-02-27 12:04:34,Навыки ведения переговоров
1649,2020-02-27 12:04:34,Стрессоустойчмвость
1650,2020-02-27 12:06:14,Книга продаж
1651,2020-02-27 12:06:14,НДС
1652,2020-02-27 12:11:35,Организация обучения для руководителей
1653,2020-02-27 12:11:35,Организация системного обучения
1654,2020-02-27 12:11:35,Стратегические сессии
1655,2020-02-27 12:11:35,Разработка и внедрение системы обучения
1656,2020-02-27 12:11:35,Гибкое и системное мышление
1657,2020-02-27 12:11:35,Фасилитация
1658,2020-02-27 12:11:35,Модерация
1659,2020-02-27 12:11:38,Проектные продажи
1660,2020-02-27 12:20:39,Опалубка
1661,2020-02-27 12:21:30,SpringBoot
1662,2020-02-27 12:21:30,Kafka
1663,2020-02-27 12:22:44,методология
1664,2020-02-27 12:22:48,проектные организации энергетики
1665,2020-02-27 12:23:40,Спорт
1666,2020-02-27 12:23:40,Честность
1667,2020-02-27 12:23:40,Энергичность
1668,2020-02-27 12:23:40,Горный туризм
1669,2020-02-27 12:23:40,Водный туризм
1670,2020-02-27 12:23:41,честность
1671,2020-02-27 12:23:41,Желание развиваться
1672,2020-02-27 12:29:44,Взятие крови
1673,2020-02-27 12:29:44,Взятие мазков
1674,2020-02-27 12:29:44,Vacuette
1675,2020-02-27 12:36:19,продавец
1676,2020-02-27 12:36:19,продавец-кассир
1677,2020-02-27 12:36:19,кассир
1678,2020-02-27 12:36:19,продажи
1679,2020-02-27 12:38:31,успешный опыт продаж b2b
1680,2020-02-27 12:38:31,Предварительный анализ ФХД
1681,2020-02-27 12:38:31,Структурирование сделки
1682,2020-02-27 12:39:00,Regulatory affairs
1683,2020-02-27 12:39:09,Communication skills
1684,2020-02-27 12:40:03,Антикризисное управление
1685,2020-02-27 12:41:32,REACT.JS
1686,2020-02-27 12:44:21,SAP BO
1687,2020-02-27 12:45:28,Strategic Planning
1688,2020-02-27 12:45:28,Financial Controlling
1689,2020-02-27 12:45:28,Financial Management
1690,2020-02-27 12:45:28,Financial Analysis
1691,2020-02-27 12:45:41,WebTutor
1692,2020-02-27 12:47:35,user story
1693,2020-02-27 12:47:35,bpms
1694,2020-02-27 12:47:56,Французский — B2 — Средне-продвинутый
1695,2020-02-27 12:47:56,Настройка серверов
1696,2020-02-27 12:49:46,Маржинальный анализ
1697,2020-02-27 12:49:46,Контроль и анализ ценообразования
1698,2020-02-27 12:49:46,FMCG
1699,2020-02-27 12:50:55,продавец-консультант
1700,2020-02-27 12:50:55,работа на кассе
1701,2020-02-27 12:50:55,начинающий специалист
1702,2020-02-27 12:50:55,без опыта
1703,2020-02-27 12:50:55,продавец продуктов питания
1704,2020-02-27 12:50:55,сменный график
1705,2020-02-27 12:50:55,работа в магазине
1706,2020-02-27 12:50:55,белая зарплата
1707,2020-02-27 12:50:55,официальное трудоустройство
1708,2020-02-27 12:50:55,рядом с домом
1709,2020-02-27 12:50:55,подработка
1710,2020-02-27 12:51:09,Анализ посещаемости сайтов
1711,2020-02-27 12:51:36,Планирование запасов
1712,2020-02-27 12:55:22,Дизайн интерфейсов
1713,2020-02-27 12:59:04,Flutter
1714,2020-02-27 12:59:04,iOS SDK
1715,2020-02-27 13:00:12,JKSimMet
1716,2020-02-27 13:02:22,командировки
1717,2020-02-27 13:04:09,Коучинг
1718,2020-02-27 13:05:27,Выявление потребностей
1719,2020-02-27 13:05:27,Умение вести диалог
1720,2020-02-27 13:05:39,SAP EWM
1721,2020-02-27 13:07:31,проведение групповых интервью
1722,2020-02-27 13:09:43,Расчеты с поставщиками
1723,2020-02-27 13:10:13,Монтаж металлоконструкций
1724,2020-02-27 13:10:13,металлоконстрикции
1725,2020-02-27 13:10:13,2 уровень по NACE
1726,2020-02-27 13:10:13,3 уровень по FROSIO
1727,2020-02-27 13:10:13,антикоррозионные покрытия
1728,2020-02-27 13:10:13,ВИК
1729,2020-02-27 13:10:13,инспекция
1730,2020-02-27 13:11:24,NUnit
1731,2020-02-27 13:11:29,Организация пресс-конференций
1732,2020-02-27 13:11:29,Работа со СМИ
1733,2020-02-27 13:12:22,Аренда офисных помещений
1734,2020-02-27 13:14:41,телекоммуникации
1735,2020-02-27 13:14:41,связь
1736,2020-02-27 13:15:11,Кредиторская задолженность
1737,2020-02-27 13:15:11,Ценовая политика
1738,2020-02-27 13:16:45,Public Speaking
1739,2020-02-27 13:18:29,Brand Management
1740,2020-02-27 13:20:25,Qt
1741,2020-02-27 13:20:25,VirtualDub
1742,2020-02-27 13:21:35,SOA
1743,2020-02-27 13:22:17,SAP S/4 HANA
1744,2020-02-27 13:22:17,SAP WMS
1745,2020-02-27 13:26:34,React/Redux
1746,2020-02-27 13:27:34,Frontend
1747,2020-02-27 13:27:34,Разработка
1748,2020-02-27 13:27:34,React JS
1749,2020-02-27 13:27:34,Банковское ПО
1750,2020-02-27 13:28:10,UiPath
1751,2020-02-27 13:28:10,Visual Basic
1752,2020-02-27 13:28:30,Бизнес-моделирование
1753,2020-02-27 13:28:30,Экономическое моделирование
1754,2020-02-27 13:28:30,Среднесрочное бюджетирование и планирование
1755,2020-02-27 13:28:30,Консолидация финансовой отчетности
1756,2020-02-27 13:28:30,консолидация управленческой отчетности
1757,2020-02-27 13:28:35,Оформление больничных листов и отпусков
1758,2020-02-27 13:30:22,Adobe Premier
1759,2020-02-27 13:30:22,Adobe After Effects
1760,2020-02-27 13:30:22,Paralax
1761,2020-02-27 13:30:22,Adobe IIIustrator
1762,2020-02-27 13:30:22,Cinema 4D
1763,2020-02-27 13:31:27,САПР
1764,2020-02-27 13:31:27,УПН
1765,2020-02-27 13:33:42,ручное тестирование
1766,2020-02-27 13:33:47,CAD
1767,2020-02-27 13:34:08,Исходящая документация
1768,2020-02-27 13:34:09,3D Max
1769,2020-02-27 13:35:08,TVS
